--
-- PostgreSQL database dump
--

SET statement_timeout = 0;
SET lock_timeout = 0;
SET client_encoding = 'UTF8';
SET standard_conforming_strings = on;
SET check_function_bodies = false;
SET client_min_messages = warning;

--
-- Name: plpgsql; Type: EXTENSION; Schema: -; Owner: 
--

CREATE EXTENSION IF NOT EXISTS plpgsql WITH SCHEMA pg_catalog;


--
-- Name: EXTENSION plpgsql; Type: COMMENT; Schema: -; Owner: 
--

COMMENT ON EXTENSION plpgsql IS 'PL/pgSQL procedural language';


SET search_path = public, pg_catalog;

SET default_tablespace = '';

SET default_with_oids = false;

--
-- Name: auth_group; Type: TABLE; Schema: public; Owner: wazimap; Tablespace: 
--

CREATE TABLE auth_group (
    id integer NOT NULL,
    name character varying(80) NOT NULL
);


ALTER TABLE auth_group OWNER TO wazimap;

--
-- Name: auth_group_id_seq; Type: SEQUENCE; Schema: public; Owner: wazimap
--

CREATE SEQUENCE auth_group_id_seq
    START WITH 1
    INCREMENT BY 1
    NO MINVALUE
    NO MAXVALUE
    CACHE 1;


ALTER TABLE auth_group_id_seq OWNER TO wazimap;

--
-- Name: auth_group_id_seq; Type: SEQUENCE OWNED BY; Schema: public; Owner: wazimap
--

ALTER SEQUENCE auth_group_id_seq OWNED BY auth_group.id;


--
-- Name: auth_group_permissions; Type: TABLE; Schema: public; Owner: wazimap; Tablespace: 
--

CREATE TABLE auth_group_permissions (
    id integer NOT NULL,
    group_id integer NOT NULL,
    permission_id integer NOT NULL
);


ALTER TABLE auth_group_permissions OWNER TO wazimap;

--
-- Name: auth_group_permissions_id_seq; Type: SEQUENCE; Schema: public; Owner: wazimap
--

CREATE SEQUENCE auth_group_permissions_id_seq
    START WITH 1
    INCREMENT BY 1
    NO MINVALUE
    NO MAXVALUE
    CACHE 1;


ALTER TABLE auth_group_permissions_id_seq OWNER TO wazimap;

--
-- Name: auth_group_permissions_id_seq; Type: SEQUENCE OWNED BY; Schema: public; Owner: wazimap
--

ALTER SEQUENCE auth_group_permissions_id_seq OWNED BY auth_group_permissions.id;


--
-- Name: auth_permission; Type: TABLE; Schema: public; Owner: wazimap; Tablespace: 
--

CREATE TABLE auth_permission (
    id integer NOT NULL,
    name character varying(255) NOT NULL,
    content_type_id integer NOT NULL,
    codename character varying(100) NOT NULL
);


ALTER TABLE auth_permission OWNER TO wazimap;

--
-- Name: auth_permission_id_seq; Type: SEQUENCE; Schema: public; Owner: wazimap
--

CREATE SEQUENCE auth_permission_id_seq
    START WITH 1
    INCREMENT BY 1
    NO MINVALUE
    NO MAXVALUE
    CACHE 1;


ALTER TABLE auth_permission_id_seq OWNER TO wazimap;

--
-- Name: auth_permission_id_seq; Type: SEQUENCE OWNED BY; Schema: public; Owner: wazimap
--

ALTER SEQUENCE auth_permission_id_seq OWNED BY auth_permission.id;


--
-- Name: auth_user; Type: TABLE; Schema: public; Owner: wazimap; Tablespace: 
--

CREATE TABLE auth_user (
    id integer NOT NULL,
    password character varying(128) NOT NULL,
    last_login timestamp with time zone,
    is_superuser boolean NOT NULL,
    username character varying(30) NOT NULL,
    first_name character varying(30) NOT NULL,
    last_name character varying(30) NOT NULL,
    email character varying(254) NOT NULL,
    is_staff boolean NOT NULL,
    is_active boolean NOT NULL,
    date_joined timestamp with time zone NOT NULL
);


ALTER TABLE auth_user OWNER TO wazimap;

--
-- Name: auth_user_groups; Type: TABLE; Schema: public; Owner: wazimap; Tablespace: 
--

CREATE TABLE auth_user_groups (
    id integer NOT NULL,
    user_id integer NOT NULL,
    group_id integer NOT NULL
);


ALTER TABLE auth_user_groups OWNER TO wazimap;

--
-- Name: auth_user_groups_id_seq; Type: SEQUENCE; Schema: public; Owner: wazimap
--

CREATE SEQUENCE auth_user_groups_id_seq
    START WITH 1
    INCREMENT BY 1
    NO MINVALUE
    NO MAXVALUE
    CACHE 1;


ALTER TABLE auth_user_groups_id_seq OWNER TO wazimap;

--
-- Name: auth_user_groups_id_seq; Type: SEQUENCE OWNED BY; Schema: public; Owner: wazimap
--

ALTER SEQUENCE auth_user_groups_id_seq OWNED BY auth_user_groups.id;


--
-- Name: auth_user_id_seq; Type: SEQUENCE; Schema: public; Owner: wazimap
--

CREATE SEQUENCE auth_user_id_seq
    START WITH 1
    INCREMENT BY 1
    NO MINVALUE
    NO MAXVALUE
    CACHE 1;


ALTER TABLE auth_user_id_seq OWNER TO wazimap;

--
-- Name: auth_user_id_seq; Type: SEQUENCE OWNED BY; Schema: public; Owner: wazimap
--

ALTER SEQUENCE auth_user_id_seq OWNED BY auth_user.id;


--
-- Name: auth_user_user_permissions; Type: TABLE; Schema: public; Owner: wazimap; Tablespace: 
--

CREATE TABLE auth_user_user_permissions (
    id integer NOT NULL,
    user_id integer NOT NULL,
    permission_id integer NOT NULL
);


ALTER TABLE auth_user_user_permissions OWNER TO wazimap;

--
-- Name: auth_user_user_permissions_id_seq; Type: SEQUENCE; Schema: public; Owner: wazimap
--

CREATE SEQUENCE auth_user_user_permissions_id_seq
    START WITH 1
    INCREMENT BY 1
    NO MINVALUE
    NO MAXVALUE
    CACHE 1;


ALTER TABLE auth_user_user_permissions_id_seq OWNER TO wazimap;

--
-- Name: auth_user_user_permissions_id_seq; Type: SEQUENCE OWNED BY; Schema: public; Owner: wazimap
--

ALTER SEQUENCE auth_user_user_permissions_id_seq OWNED BY auth_user_user_permissions.id;


--
-- Name: django_admin_log; Type: TABLE; Schema: public; Owner: wazimap; Tablespace: 
--

CREATE TABLE django_admin_log (
    id integer NOT NULL,
    action_time timestamp with time zone NOT NULL,
    object_id text,
    object_repr character varying(200) NOT NULL,
    action_flag smallint NOT NULL,
    change_message text NOT NULL,
    content_type_id integer,
    user_id integer NOT NULL,
    CONSTRAINT django_admin_log_action_flag_check CHECK ((action_flag >= 0))
);


ALTER TABLE django_admin_log OWNER TO wazimap;

--
-- Name: django_admin_log_id_seq; Type: SEQUENCE; Schema: public; Owner: wazimap
--

CREATE SEQUENCE django_admin_log_id_seq
    START WITH 1
    INCREMENT BY 1
    NO MINVALUE
    NO MAXVALUE
    CACHE 1;


ALTER TABLE django_admin_log_id_seq OWNER TO wazimap;

--
-- Name: django_admin_log_id_seq; Type: SEQUENCE OWNED BY; Schema: public; Owner: wazimap
--

ALTER SEQUENCE django_admin_log_id_seq OWNED BY django_admin_log.id;


--
-- Name: django_content_type; Type: TABLE; Schema: public; Owner: wazimap; Tablespace: 
--

CREATE TABLE django_content_type (
    id integer NOT NULL,
    app_label character varying(100) NOT NULL,
    model character varying(100) NOT NULL
);


ALTER TABLE django_content_type OWNER TO wazimap;

--
-- Name: django_content_type_id_seq; Type: SEQUENCE; Schema: public; Owner: wazimap
--

CREATE SEQUENCE django_content_type_id_seq
    START WITH 1
    INCREMENT BY 1
    NO MINVALUE
    NO MAXVALUE
    CACHE 1;


ALTER TABLE django_content_type_id_seq OWNER TO wazimap;

--
-- Name: django_content_type_id_seq; Type: SEQUENCE OWNED BY; Schema: public; Owner: wazimap
--

ALTER SEQUENCE django_content_type_id_seq OWNED BY django_content_type.id;


--
-- Name: django_migrations; Type: TABLE; Schema: public; Owner: wazimap; Tablespace: 
--

CREATE TABLE django_migrations (
    id integer NOT NULL,
    app character varying(255) NOT NULL,
    name character varying(255) NOT NULL,
    applied timestamp with time zone NOT NULL
);


ALTER TABLE django_migrations OWNER TO wazimap;

--
-- Name: django_migrations_id_seq; Type: SEQUENCE; Schema: public; Owner: wazimap
--

CREATE SEQUENCE django_migrations_id_seq
    START WITH 1
    INCREMENT BY 1
    NO MINVALUE
    NO MAXVALUE
    CACHE 1;


ALTER TABLE django_migrations_id_seq OWNER TO wazimap;

--
-- Name: django_migrations_id_seq; Type: SEQUENCE OWNED BY; Schema: public; Owner: wazimap
--

ALTER SEQUENCE django_migrations_id_seq OWNED BY django_migrations.id;


--
-- Name: django_session; Type: TABLE; Schema: public; Owner: wazimap; Tablespace: 
--

CREATE TABLE django_session (
    session_key character varying(40) NOT NULL,
    session_data text NOT NULL,
    expire_date timestamp with time zone NOT NULL
);


ALTER TABLE django_session OWNER TO wazimap;

--
-- Name: django_site; Type: TABLE; Schema: public; Owner: wazimap; Tablespace: 
--

CREATE TABLE django_site (
    id integer NOT NULL,
    domain character varying(100) NOT NULL,
    name character varying(50) NOT NULL
);


ALTER TABLE django_site OWNER TO wazimap;

--
-- Name: django_site_id_seq; Type: SEQUENCE; Schema: public; Owner: wazimap
--

CREATE SEQUENCE django_site_id_seq
    START WITH 1
    INCREMENT BY 1
    NO MINVALUE
    NO MAXVALUE
    CACHE 1;


ALTER TABLE django_site_id_seq OWNER TO wazimap;

--
-- Name: django_site_id_seq; Type: SEQUENCE OWNED BY; Schema: public; Owner: wazimap
--

ALTER SEQUENCE django_site_id_seq OWNED BY django_site.id;


--
-- Name: household; Type: TABLE; Schema: public; Owner: wazimap; Tablespace: 
--

CREATE TABLE household (
    geo_level character varying(15) NOT NULL,
    geo_code character varying(10) NOT NULL,
    household character varying(128) NOT NULL,
    total integer NOT NULL
);


ALTER TABLE household OWNER TO wazimap;

--
-- Name: householddistributionbyenergysource; Type: TABLE; Schema: public; Owner: postgres; Tablespace: 
--

CREATE TABLE householddistributionbyenergysource (
    geo_level character varying(15) NOT NULL,
    geo_code character varying(10) NOT NULL,
    "household distribution by energy source" character varying(128) NOT NULL,
    total integer NOT NULL
);


ALTER TABLE householddistributionbyenergysource OWNER TO postgres;

--
-- Name: householddistributionbylightsource; Type: TABLE; Schema: public; Owner: postgres; Tablespace: 
--

CREATE TABLE householddistributionbylightsource (
    geo_level character varying(15) NOT NULL,
    geo_code character varying(10) NOT NULL,
    "household distribution by light source" character varying(128) NOT NULL,
    total integer NOT NULL
);


ALTER TABLE householddistributionbylightsource OWNER TO postgres;

--
-- Name: ruralorurban; Type: TABLE; Schema: public; Owner: wazimap; Tablespace: 
--

CREATE TABLE ruralorurban (
    geo_level character varying(15) NOT NULL,
    geo_code character varying(10) NOT NULL,
    "rural or urban" character varying(128) NOT NULL,
    total integer NOT NULL
);


ALTER TABLE ruralorurban OWNER TO wazimap;

--
-- Name: sex; Type: TABLE; Schema: public; Owner: wazimap; Tablespace: 
--

CREATE TABLE sex (
    geo_level character varying(15) NOT NULL,
    geo_code character varying(10) NOT NULL,
    sex character varying(128) NOT NULL,
    total integer NOT NULL
);


ALTER TABLE sex OWNER TO wazimap;

--
-- Name: wazimap_geography; Type: TABLE; Schema: public; Owner: wazimap; Tablespace: 
--

CREATE TABLE wazimap_geography (
    id integer NOT NULL,
    geo_level character varying(15) NOT NULL,
    geo_code character varying(10) NOT NULL,
    name character varying(100) NOT NULL,
    year integer,
    square_kms double precision,
    parent_level character varying(15),
    parent_code character varying(10),
    long_name character varying(100)
);


ALTER TABLE wazimap_geography OWNER TO wazimap;

--
-- Name: wazimap_geography_id_seq; Type: SEQUENCE; Schema: public; Owner: wazimap
--

CREATE SEQUENCE wazimap_geography_id_seq
    START WITH 1
    INCREMENT BY 1
    NO MINVALUE
    NO MAXVALUE
    CACHE 1;


ALTER TABLE wazimap_geography_id_seq OWNER TO wazimap;

--
-- Name: wazimap_geography_id_seq; Type: SEQUENCE OWNED BY; Schema: public; Owner: wazimap
--

ALTER SEQUENCE wazimap_geography_id_seq OWNED BY wazimap_geography.id;


--
-- Name: id; Type: DEFAULT; Schema: public; Owner: wazimap
--

ALTER TABLE ONLY auth_group ALTER COLUMN id SET DEFAULT nextval('auth_group_id_seq'::regclass);


--
-- Name: id; Type: DEFAULT; Schema: public; Owner: wazimap
--

ALTER TABLE ONLY auth_group_permissions ALTER COLUMN id SET DEFAULT nextval('auth_group_permissions_id_seq'::regclass);


--
-- Name: id; Type: DEFAULT; Schema: public; Owner: wazimap
--

ALTER TABLE ONLY auth_permission ALTER COLUMN id SET DEFAULT nextval('auth_permission_id_seq'::regclass);


--
-- Name: id; Type: DEFAULT; Schema: public; Owner: wazimap
--

ALTER TABLE ONLY auth_user ALTER COLUMN id SET DEFAULT nextval('auth_user_id_seq'::regclass);


--
-- Name: id; Type: DEFAULT; Schema: public; Owner: wazimap
--

ALTER TABLE ONLY auth_user_groups ALTER COLUMN id SET DEFAULT nextval('auth_user_groups_id_seq'::regclass);


--
-- Name: id; Type: DEFAULT; Schema: public; Owner: wazimap
--

ALTER TABLE ONLY auth_user_user_permissions ALTER COLUMN id SET DEFAULT nextval('auth_user_user_permissions_id_seq'::regclass);


--
-- Name: id; Type: DEFAULT; Schema: public; Owner: wazimap
--

ALTER TABLE ONLY django_admin_log ALTER COLUMN id SET DEFAULT nextval('django_admin_log_id_seq'::regclass);


--
-- Name: id; Type: DEFAULT; Schema: public; Owner: wazimap
--

ALTER TABLE ONLY django_content_type ALTER COLUMN id SET DEFAULT nextval('django_content_type_id_seq'::regclass);


--
-- Name: id; Type: DEFAULT; Schema: public; Owner: wazimap
--

ALTER TABLE ONLY django_migrations ALTER COLUMN id SET DEFAULT nextval('django_migrations_id_seq'::regclass);


--
-- Name: id; Type: DEFAULT; Schema: public; Owner: wazimap
--

ALTER TABLE ONLY django_site ALTER COLUMN id SET DEFAULT nextval('django_site_id_seq'::regclass);


--
-- Name: id; Type: DEFAULT; Schema: public; Owner: wazimap
--

ALTER TABLE ONLY wazimap_geography ALTER COLUMN id SET DEFAULT nextval('wazimap_geography_id_seq'::regclass);


--
-- Data for Name: auth_group; Type: TABLE DATA; Schema: public; Owner: wazimap
--

COPY auth_group (id, name) FROM stdin;
\.


--
-- Name: auth_group_id_seq; Type: SEQUENCE SET; Schema: public; Owner: wazimap
--

SELECT pg_catalog.setval('auth_group_id_seq', 1, false);


--
-- Data for Name: auth_group_permissions; Type: TABLE DATA; Schema: public; Owner: wazimap
--

COPY auth_group_permissions (id, group_id, permission_id) FROM stdin;
\.


--
-- Name: auth_group_permissions_id_seq; Type: SEQUENCE SET; Schema: public; Owner: wazimap
--

SELECT pg_catalog.setval('auth_group_permissions_id_seq', 1, false);


--
-- Data for Name: auth_permission; Type: TABLE DATA; Schema: public; Owner: wazimap
--

COPY auth_permission (id, name, content_type_id, codename) FROM stdin;
1	Can add permission	1	add_permission
2	Can change permission	1	change_permission
3	Can delete permission	1	delete_permission
4	Can add group	2	add_group
5	Can change group	2	change_group
6	Can delete group	2	delete_group
7	Can add user	3	add_user
8	Can change user	3	change_user
9	Can delete user	3	delete_user
10	Can add log entry	4	add_logentry
11	Can change log entry	4	change_logentry
12	Can delete log entry	4	delete_logentry
13	Can add content type	5	add_contenttype
14	Can change content type	5	change_contenttype
15	Can delete content type	5	delete_contenttype
16	Can add session	6	add_session
17	Can change session	6	change_session
18	Can delete session	6	delete_session
19	Can add site	7	add_site
20	Can change site	7	change_site
21	Can delete site	7	delete_site
22	Can add geography	8	add_geography
23	Can change geography	8	change_geography
24	Can delete geography	8	delete_geography
25	Can add table	9	add_table
26	Can change table	9	change_table
27	Can delete table	9	delete_table
28	Can add column	10	add_column
29	Can change column	10	change_column
30	Can delete column	10	delete_column
31	Can add summary level	11	add_summarylevel
32	Can change summary level	11	change_summarylevel
33	Can delete summary level	11	delete_summarylevel
34	Can add subject concept	12	add_subjectconcept
35	Can change subject concept	12	change_subjectconcept
36	Can delete subject concept	12	delete_subjectconcept
37	Can add geography	13	add_geography
38	Can change geography	13	change_geography
39	Can delete geography	13	delete_geography
\.


--
-- Name: auth_permission_id_seq; Type: SEQUENCE SET; Schema: public; Owner: wazimap
--

SELECT pg_catalog.setval('auth_permission_id_seq', 39, true);


--
-- Data for Name: auth_user; Type: TABLE DATA; Schema: public; Owner: wazimap
--

COPY auth_user (id, password, last_login, is_superuser, username, first_name, last_name, email, is_staff, is_active, date_joined) FROM stdin;
\.


--
-- Data for Name: auth_user_groups; Type: TABLE DATA; Schema: public; Owner: wazimap
--

COPY auth_user_groups (id, user_id, group_id) FROM stdin;
\.


--
-- Name: auth_user_groups_id_seq; Type: SEQUENCE SET; Schema: public; Owner: wazimap
--

SELECT pg_catalog.setval('auth_user_groups_id_seq', 1, false);


--
-- Name: auth_user_id_seq; Type: SEQUENCE SET; Schema: public; Owner: wazimap
--

SELECT pg_catalog.setval('auth_user_id_seq', 1, false);


--
-- Data for Name: auth_user_user_permissions; Type: TABLE DATA; Schema: public; Owner: wazimap
--

COPY auth_user_user_permissions (id, user_id, permission_id) FROM stdin;
\.


--
-- Name: auth_user_user_permissions_id_seq; Type: SEQUENCE SET; Schema: public; Owner: wazimap
--

SELECT pg_catalog.setval('auth_user_user_permissions_id_seq', 1, false);


--
-- Data for Name: django_admin_log; Type: TABLE DATA; Schema: public; Owner: wazimap
--

COPY django_admin_log (id, action_time, object_id, object_repr, action_flag, change_message, content_type_id, user_id) FROM stdin;
\.


--
-- Name: django_admin_log_id_seq; Type: SEQUENCE SET; Schema: public; Owner: wazimap
--

SELECT pg_catalog.setval('django_admin_log_id_seq', 1, false);


--
-- Data for Name: django_content_type; Type: TABLE DATA; Schema: public; Owner: wazimap
--

COPY django_content_type (id, app_label, model) FROM stdin;
1	auth	permission
2	auth	group
3	auth	user
4	admin	logentry
5	contenttypes	contenttype
6	sessions	session
7	sites	site
8	wazimap	geography
9	census	table
10	census	column
11	census	summarylevel
12	census	subjectconcept
13	census	geography
\.


--
-- Name: django_content_type_id_seq; Type: SEQUENCE SET; Schema: public; Owner: wazimap
--

SELECT pg_catalog.setval('django_content_type_id_seq', 13, true);


--
-- Data for Name: django_migrations; Type: TABLE DATA; Schema: public; Owner: wazimap
--

COPY django_migrations (id, app, name, applied) FROM stdin;
1	contenttypes	0001_initial	2016-04-01 16:43:27.811086+03
2	auth	0001_initial	2016-04-01 16:43:29.11202+03
3	admin	0001_initial	2016-04-01 16:43:29.3671+03
4	admin	0002_logentry_remove_auto_add	2016-04-01 16:43:29.400121+03
5	contenttypes	0002_remove_content_type_name	2016-04-01 16:43:29.444602+03
6	auth	0002_alter_permission_name_max_length	2016-04-01 16:43:29.477836+03
7	auth	0003_alter_user_email_max_length	2016-04-01 16:43:29.511604+03
8	auth	0004_alter_user_username_opts	2016-04-01 16:43:29.532513+03
9	auth	0005_alter_user_last_login_null	2016-04-01 16:43:29.566566+03
10	auth	0006_require_contenttypes_0002	2016-04-01 16:43:29.579043+03
11	auth	0007_alter_validators_add_error_messages	2016-04-01 16:43:29.603125+03
12	sessions	0001_initial	2016-04-01 16:43:29.855133+03
13	sites	0001_initial	2016-04-01 16:43:29.968578+03
14	sites	0002_alter_domain_unique	2016-04-01 16:43:30.112658+03
15	wazimap	0001_initial	2016-04-01 16:43:30.501225+03
16	wazimap	0002_geography_long_name	2016-04-01 16:43:30.579018+03
17	wazimap	0003_remove_geography_osm_area_id	2016-04-01 16:43:30.601266+03
18	wazimap	0004_auto_20160302_1645	2016-04-01 16:43:30.623199+03
\.


--
-- Name: django_migrations_id_seq; Type: SEQUENCE SET; Schema: public; Owner: wazimap
--

SELECT pg_catalog.setval('django_migrations_id_seq', 18, true);


--
-- Data for Name: django_session; Type: TABLE DATA; Schema: public; Owner: wazimap
--

COPY django_session (session_key, session_data, expire_date) FROM stdin;
\.


--
-- Data for Name: django_site; Type: TABLE DATA; Schema: public; Owner: wazimap
--

COPY django_site (id, domain, name) FROM stdin;
1	example.com	example.com
\.


--
-- Name: django_site_id_seq; Type: SEQUENCE SET; Schema: public; Owner: wazimap
--

SELECT pg_catalog.setval('django_site_id_seq', 1, true);


--
-- Data for Name: household; Type: TABLE DATA; Schema: public; Owner: wazimap
--

COPY household (geo_level, geo_code, household, total) FROM stdin;
district	80	household	410659
district	80	non-household	12112
district	16	household	150417
district	16	non-household	996
district	67	household	99528
district	67	non-household	1312
district	74	household	86231
district	74	non-household	3659
district	19	household	158665
district	19	non-household	1257
district	1	household	50178
district	1	non-household	4115
district	85	household	177936
district	85	non-household	5296
district	20	household	1469625
district	20	non-household	37455
district	26	household	363994
district	26	non-household	4068
district	109	household	143910
district	109	non-household	4308
district	108	household	212681
district	108	non-household	2012
district	21	household	447713
district	21	non-household	9245
district	17	household	272095
district	17	non-household	2858
district	28	household	92770
district	28	non-household	983
district	18	household	286374
district	18	non-household	10630
district	29	household	322982
district	29	non-household	5982
district	68	household	243767
district	68	non-household	6781
district	22	household	668307
district	22	non-household	16030
district	79	household	580016
district	79	non-household	16788
district	30	household	182923
district	30	non-household	14446
district	23	household	176951
district	23	non-household	4848
district	24	household	508526
district	24	non-household	7783
district	25	household	250523
district	25	non-household	2074
district	27	household	1959725
district	27	non-household	37693
district	396	household	269753
district	396	non-household	1175
district	319	household	206662
district	319	non-household	935
district	37	household	208752
district	37	non-household	1421
district	81	household	381783
district	81	non-household	1130
district	38	household	202757
district	38	non-household	843
district	39	household	88671
district	39	non-household	685
district	382	household	173560
district	382	non-household	948
district	83	household	320516
district	83	non-household	3146
district	40	household	243441
district	40	non-household	712
district	78	household	322145
district	78	non-household	922
district	72	household	500524
district	72	non-household	3673
district	31	household	460653
district	31	non-household	10589
district	383	household	213848
district	383	non-household	1178
district	41	household	234445
district	41	non-household	1754
district	77	household	481617
district	77	non-household	4702
district	90	household	104130
district	90	non-household	1056
district	32	household	164005
district	32	non-household	2226
district	75	household	201215
district	75	non-household	818
district	323	household	237788
district	323	non-household	1480
district	91	household	92869
district	91	non-household	798
district	345	household	237387
district	345	non-household	633
district	42	household	352818
district	42	non-household	1007
district	73	household	470775
district	73	non-household	2464
district	33	household	481562
district	33	non-household	7398
district	82	household	213253
district	82	non-household	2189
district	43	household	251833
district	43	non-household	729
district	84	household	140457
district	84	non-household	1462
district	76	household	384279
district	76	non-household	2611
district	87	household	283228
district	87	non-household	2675
district	89	household	241473
district	89	non-household	949
district	88	household	290928
district	88	non-household	5905
district	34	household	512474
district	34	non-household	4608
district	49	household	106996
district	49	non-household	970
district	44	household	223196
district	44	non-household	2055
district	10	household	226356
district	10	non-household	1436
district	7	household	227037
district	7	non-household	504
district	50	household	145209
district	50	non-household	1957
district	110	household	96601
district	110	non-household	9166
district	9	household	184976
district	9	non-household	1720
district	12	household	365632
district	12	non-household	2994
district	104	household	775080
district	104	non-household	6997
district	51	household	181885
district	51	non-household	1208
district	45	household	425094
district	45	non-household	11251
district	52	household	165859
district	52	non-household	2020
district	14	household	202625
district	14	non-household	1423
district	53	household	204969
district	53	non-household	1526
district	300	household	238059
district	300	non-household	1268
district	46	household	168907
district	46	non-household	12143
district	343	household	134077
district	343	non-household	302
district	6	household	400462
district	6	non-household	7581
district	348	household	185468
district	348	non-household	666
district	93	household	97431
district	93	non-household	6001
district	47	household	137594
district	47	non-household	1418
district	111	household	147439
district	111	non-household	9251
district	94	household	141216
district	94	non-household	1008
district	95	household	392764
district	95	non-household	4030
district	8	household	132026
district	8	non-household	1480
district	438	household	103806
district	438	non-household	448
district	54	household	381563
district	54	non-household	2081
district	11	household	176647
district	11	non-household	1357
district	48	household	478407
district	48	non-household	6415
district	96	household	238968
district	96	non-household	1114
district	100	household	120209
district	100	non-household	511
district	66	household	108038
district	66	non-household	5123
district	107	household	223055
district	107	non-household	1332
district	103	household	228974
district	103	non-household	5466
district	55	household	564468
district	55	non-household	8518
district	366	household	244692
district	366	non-household	4933
district	3	household	483362
district	3	non-household	2998
district	56	household	517476
district	56	non-household	10755
district	57	household	463744
district	57	non-household	5492
district	64	household	412021
district	64	non-household	2433
district	65	household	250224
district	65	non-household	1920
district	58	household	688770
district	58	non-household	6222
district	59	household	780403
district	59	non-household	4685
district	4	household	325325
district	4	non-household	2752
district	98	household	263597
district	98	non-household	2600
district	60	household	280304
district	60	non-household	1401
district	70	household	280703
district	70	non-household	934
district	69	household	421387
district	69	non-household	817
district	97	household	281753
district	97	non-household	9360
district	61	household	460748
district	61	non-household	11881
district	102	household	182867
district	102	non-household	577
district	436	household	66267
district	436	non-household	738
district	62	household	478726
district	62	non-household	5115
district	101	household	128062
district	101	non-household	1087
district	63	household	310454
district	63	non-household	4240
district	456	household	203278
district	456	non-household	4065
\.


--
-- Data for Name: householddistributionbyenergysource; Type: TABLE DATA; Schema: public; Owner: postgres
--

COPY householddistributionbyenergysource (geo_level, geo_code, "household distribution by energy source", total) FROM stdin;
district	80	electricity	2481
district	80	gas	444
district	80	paraffin stove	881
district	80	charcoal	36107
district	80	firewood	56409
district	80	others	1046
district	16	electricity	521
district	16	gas	73
district	16	paraffin stove	334
district	16	charcoal	3118
district	16	firewood	29691
district	16	others	376
district	67	electricity	431
district	67	gas	53
district	67	paraffin stove	308
district	67	charcoal	4444
district	67	firewood	16184
district	67	others	160
district	74	electricity	133
district	74	gas	51
district	74	paraffin stove	184
district	74	charcoal	10267
district	74	firewood	13561
district	74	others	739
district	19	electricity	619
district	19	gas	101
district	19	paraffin stove	269
district	19	charcoal	4142
district	19	firewood	29788
district	19	others	296
district	1	electricity	182
district	1	gas	45
district	1	paraffin stove	509
district	1	charcoal	11655
district	1	firewood	7225
district	1	others	484
district	85	electricity	742
district	85	gas	129
district	85	paraffin stove	635
district	85	charcoal	6868
district	85	firewood	32432
district	85	others	444
district	20	electricity	33792
district	20	gas	22802
district	20	paraffin stove	17947
district	20	charcoal	321686
district	20	firewood	10612
district	20	others	7726
district	26	electricity	891
district	26	gas	172
district	26	paraffin stove	509
district	26	charcoal	14594
district	26	firewood	59197
district	26	others	449
district	109	electricity	408
district	109	gas	86
district	109	paraffin stove	303
district	109	charcoal	8086
district	109	firewood	24765
district	109	others	377
district	108	electricity	448
district	108	gas	133
district	108	paraffin stove	263
district	108	charcoal	7075
district	108	firewood	39407
district	108	others	385
district	21	electricity	3105
district	21	gas	455
district	21	paraffin stove	1074
district	21	charcoal	31732
district	21	firewood	67861
district	21	others	784
district	17	electricity	1028
district	17	gas	177
district	17	paraffin stove	592
district	17	charcoal	10322
district	17	firewood	49014
district	17	others	446
district	28	electricity	284
district	28	gas	120
district	28	paraffin stove	337
district	28	charcoal	4941
district	28	firewood	14641
district	28	others	160
district	18	electricity	2927
district	18	gas	536
district	18	paraffin stove	2160
district	18	charcoal	27166
district	18	firewood	41617
district	18	others	945
district	29	electricity	1427
district	29	gas	383
district	29	paraffin stove	757
district	29	charcoal	19125
district	29	firewood	57360
district	29	others	744
district	68	electricity	1008
district	68	gas	269
district	68	paraffin stove	635
district	68	charcoal	14621
district	68	firewood	42417
district	68	others	646
district	22	electricity	2681
district	22	gas	619
district	22	paraffin stove	976
district	22	charcoal	25155
district	22	firewood	120675
district	22	others	841
district	79	electricity	3349
district	79	gas	1464
district	79	paraffin stove	1940
district	79	charcoal	59563
district	79	firewood	76018
district	79	others	1383
district	30	electricity	807
district	30	gas	170
district	30	paraffin stove	401
district	30	charcoal	9428
district	30	firewood	31922
district	30	others	328
district	23	electricity	937
district	23	gas	144
district	23	paraffin stove	318
district	23	charcoal	7695
district	23	firewood	26558
district	23	others	394
district	24	electricity	1713
district	24	gas	431
district	24	paraffin stove	1302
district	24	charcoal	15751
district	24	firewood	95817
district	24	others	916
district	25	electricity	847
district	25	gas	189
district	25	paraffin stove	486
district	25	charcoal	6798
district	25	firewood	45046
district	25	others	319
district	27	electricity	22292
district	27	gas	10706
district	27	paraffin stove	13714
district	27	charcoal	342921
district	27	firewood	99136
district	27	others	4723
district	396	electricity	323
district	396	gas	185
district	396	paraffin stove	124
district	396	charcoal	2584
district	396	firewood	44826
district	396	others	228
district	319	electricity	326
district	319	gas	61
district	319	paraffin stove	117
district	319	charcoal	2205
district	319	firewood	34145
district	319	others	201
district	37	electricity	486
district	37	gas	150
district	37	paraffin stove	234
district	37	charcoal	1387
district	37	firewood	34295
district	37	others	112
district	81	electricity	720
district	81	gas	263
district	81	paraffin stove	293
district	81	charcoal	10383
district	81	firewood	61870
district	81	others	277
district	38	electricity	242
district	38	gas	78
district	38	paraffin stove	149
district	38	charcoal	2150
district	38	firewood	33346
district	38	others	165
district	39	electricity	172
district	39	gas	94
district	39	paraffin stove	116
district	39	charcoal	736
district	39	firewood	15491
district	39	others	29
district	382	electricity	277
district	382	gas	113
district	382	paraffin stove	180
district	382	charcoal	2066
district	382	firewood	31074
district	382	others	201
district	83	electricity	579
district	83	gas	267
district	83	paraffin stove	461
district	83	charcoal	15734
district	83	firewood	47289
district	83	others	354
district	40	electricity	355
district	40	gas	130
district	40	paraffin stove	136
district	40	charcoal	2982
district	40	firewood	40348
district	40	others	379
district	78	electricity	668
district	78	gas	174
district	78	paraffin stove	239
district	78	charcoal	4082
district	78	firewood	55193
district	78	others	269
district	72	electricity	1322
district	72	gas	376
district	72	paraffin stove	587
district	72	charcoal	29707
district	72	firewood	69284
district	72	others	757
district	31	electricity	3965
district	31	gas	1176
district	31	paraffin stove	877
district	31	charcoal	48848
district	31	firewood	49229
district	31	others	816
district	383	electricity	283
district	383	gas	121
district	383	paraffin stove	123
district	383	charcoal	2080
district	383	firewood	35891
district	383	others	147
district	41	electricity	568
district	41	gas	97
district	41	paraffin stove	158
district	41	charcoal	3870
district	41	firewood	37681
district	41	others	160
district	77	electricity	1138
district	77	gas	329
district	77	paraffin stove	376
district	77	charcoal	12914
district	77	firewood	77791
district	77	others	445
district	90	electricity	287
district	90	gas	117
district	90	paraffin stove	180
district	90	charcoal	2456
district	90	firewood	19071
district	90	others	71
district	32	electricity	310
district	32	gas	118
district	32	paraffin stove	118
district	32	charcoal	2019
district	32	firewood	27750
district	32	others	94
district	75	electricity	277
district	75	gas	60
district	75	paraffin stove	120
district	75	charcoal	1788
district	75	firewood	32869
district	75	others	117
district	323	electricity	460
district	323	gas	218
district	323	paraffin stove	213
district	323	charcoal	3668
district	323	firewood	35767
district	323	others	192
district	91	electricity	152
district	91	gas	61
district	91	paraffin stove	90
district	91	charcoal	585
district	91	firewood	16393
district	91	others	47
district	345	electricity	552
district	345	gas	119
district	345	paraffin stove	163
district	345	charcoal	4294
district	345	firewood	38733
district	345	others	197
district	42	electricity	670
district	42	gas	241
district	42	paraffin stove	571
district	42	charcoal	3582
district	42	firewood	66740
district	42	others	588
district	73	electricity	1358
district	73	gas	358
district	73	paraffin stove	471
district	73	charcoal	16609
district	73	firewood	73675
district	73	others	737
district	33	electricity	2771
district	33	gas	1348
district	33	paraffin stove	1342
district	33	charcoal	35249
district	33	firewood	63931
district	33	others	823
district	82	electricity	229
district	82	gas	154
district	82	paraffin stove	235
district	82	charcoal	6500
district	82	firewood	34837
district	82	others	509
district	43	electricity	447
district	43	gas	95
district	43	paraffin stove	137
district	43	charcoal	3845
district	43	firewood	40327
district	43	others	188
district	84	electricity	226
district	84	gas	118
district	84	paraffin stove	100
district	84	charcoal	1420
district	84	firewood	21246
district	84	others	98
district	76	electricity	617
district	76	gas	205
district	76	paraffin stove	288
district	76	charcoal	3528
district	76	firewood	60270
district	76	others	202
district	87	electricity	492
district	87	gas	170
district	87	paraffin stove	210
district	87	charcoal	2634
district	87	firewood	43079
district	87	others	238
district	89	electricity	698
district	89	gas	512
district	89	paraffin stove	553
district	89	charcoal	3944
district	89	firewood	47516
district	89	others	239
district	88	electricity	883
district	88	gas	293
district	88	paraffin stove	382
district	88	charcoal	13023
district	88	firewood	39591
district	88	others	475
district	34	electricity	1518
district	34	gas	725
district	34	paraffin stove	868
district	34	charcoal	11816
district	34	firewood	83963
district	34	others	426
district	49	electricity	112
district	49	gas	53
district	49	paraffin stove	63
district	49	charcoal	1963
district	49	firewood	15706
district	49	others	118
district	44	electricity	348
district	44	gas	165
district	44	paraffin stove	211
district	44	charcoal	8284
district	44	firewood	31238
district	44	others	465
district	10	electricity	331
district	10	gas	131
district	10	paraffin stove	329
district	10	charcoal	3153
district	10	firewood	38840
district	10	others	160
district	7	electricity	378
district	7	gas	110
district	7	paraffin stove	222
district	7	charcoal	1346
district	7	firewood	43828
district	7	others	121
district	50	electricity	261
district	50	gas	99
district	50	paraffin stove	112
district	50	charcoal	2706
district	50	firewood	24318
district	50	others	223
district	110	electricity	71
district	110	gas	42
district	110	paraffin stove	73
district	110	charcoal	853
district	110	firewood	14252
district	110	others	137
district	9	electricity	475
district	9	gas	188
district	9	paraffin stove	284
district	9	charcoal	3382
district	9	firewood	31585
district	9	others	160
district	12	electricity	588
district	12	gas	241
district	12	paraffin stove	319
district	12	charcoal	4021
district	12	firewood	65437
district	12	others	578
district	104	electricity	1425
district	104	gas	493
district	104	paraffin stove	1152
district	104	charcoal	24567
district	104	firewood	118155
district	104	others	663
district	51	electricity	210
district	51	gas	87
district	51	paraffin stove	178
district	51	charcoal	1474
district	51	firewood	32541
district	51	others	110
district	45	electricity	966
district	45	gas	453
district	45	paraffin stove	685
district	45	charcoal	29118
district	45	firewood	54839
district	45	others	448
district	52	electricity	187
district	52	gas	52
district	52	paraffin stove	50
district	52	charcoal	2017
district	52	firewood	26336
district	52	others	520
district	14	electricity	369
district	14	gas	132
district	14	paraffin stove	233
district	14	charcoal	7282
district	14	firewood	31289
district	14	others	309
district	53	electricity	293
district	53	gas	176
district	53	paraffin stove	264
district	53	charcoal	7656
district	53	firewood	21442
district	53	others	277
district	300	electricity	447
district	300	gas	182
district	300	paraffin stove	292
district	300	charcoal	1169
district	300	firewood	45907
district	300	others	178
district	46	electricity	247
district	46	gas	45
district	46	paraffin stove	54
district	46	charcoal	2640
district	46	firewood	22487
district	46	others	349
district	343	electricity	165
district	343	gas	96
district	343	paraffin stove	191
district	343	charcoal	1053
district	343	firewood	25346
district	343	others	137
district	6	electricity	1208
district	6	gas	460
district	6	paraffin stove	710
district	6	charcoal	28611
district	6	firewood	56352
district	6	others	1091
district	348	electricity	305
district	348	gas	120
district	348	paraffin stove	218
district	348	charcoal	1054
district	348	firewood	34290
district	348	others	97
district	93	electricity	375
district	93	gas	135
district	93	paraffin stove	77
district	93	charcoal	3848
district	93	firewood	17044
district	93	others	286
district	47	electricity	146
district	47	gas	40
district	47	paraffin stove	170
district	47	charcoal	4525
district	47	firewood	20690
district	47	others	170
district	111	electricity	199
district	111	gas	80
district	111	paraffin stove	130
district	111	charcoal	1560
district	111	firewood	23088
district	111	others	260
district	94	electricity	196
district	94	gas	84
district	94	paraffin stove	73
district	94	charcoal	1736
district	94	firewood	23905
district	94	others	403
district	95	electricity	428
district	95	gas	249
district	95	paraffin stove	510
district	95	charcoal	6497
district	95	firewood	66896
district	95	others	251
district	8	electricity	132
district	8	gas	74
district	8	paraffin stove	77
district	8	charcoal	2233
district	8	firewood	23520
district	8	others	63
district	438	electricity	272
district	438	gas	48
district	438	paraffin stove	94
district	438	charcoal	1029
district	438	firewood	20360
district	438	others	98
district	54	electricity	668
district	54	gas	244
district	54	paraffin stove	561
district	54	charcoal	2962
district	54	firewood	70437
district	54	others	378
district	11	electricity	302
district	11	gas	96
district	11	paraffin stove	277
district	11	charcoal	3989
district	11	firewood	28206
district	11	others	156
district	48	electricity	475
district	48	gas	275
district	48	paraffin stove	339
district	48	charcoal	4801
district	48	firewood	55056
district	48	others	255
district	96	electricity	383
district	96	gas	265
district	96	paraffin stove	331
district	96	charcoal	3430
district	96	firewood	44662
district	96	others	165
district	100	electricity	495
district	100	gas	131
district	100	paraffin stove	155
district	100	charcoal	892
district	100	firewood	22416
district	100	others	85
district	66	electricity	146
district	66	gas	74
district	66	paraffin stove	134
district	66	charcoal	4144
district	66	firewood	17018
district	66	others	136
district	107	electricity	593
district	107	gas	254
district	107	paraffin stove	418
district	107	charcoal	6562
district	107	firewood	36665
district	107	others	274
district	103	electricity	1088
district	103	gas	332
district	103	paraffin stove	747
district	103	charcoal	6827
district	103	firewood	41827
district	103	others	293
district	55	electricity	1604
district	55	gas	585
district	55	paraffin stove	812
district	55	charcoal	20954
district	55	firewood	100696
district	55	others	703
district	366	electricity	851
district	366	gas	248
district	366	paraffin stove	464
district	366	charcoal	6483
district	366	firewood	46141
district	366	others	499
district	3	electricity	1431
district	3	gas	284
district	3	paraffin stove	751
district	3	charcoal	10377
district	3	firewood	86303
district	3	others	2033
district	56	electricity	2073
district	56	gas	429
district	56	paraffin stove	519
district	56	charcoal	13609
district	56	firewood	100102
district	56	others	918
district	57	electricity	2272
district	57	gas	722
district	57	paraffin stove	1372
district	57	charcoal	12058
district	57	firewood	88833
district	57	others	1012
district	64	electricity	1247
district	64	gas	383
district	64	paraffin stove	423
district	64	charcoal	6356
district	64	firewood	78958
district	64	others	447
district	65	electricity	880
district	65	gas	201
district	65	paraffin stove	347
district	65	charcoal	4508
district	65	firewood	49306
district	65	others	274
district	58	electricity	2947
district	58	gas	526
district	58	paraffin stove	1498
district	58	charcoal	28120
district	58	firewood	103826
district	58	others	1233
district	59	electricity	2178
district	59	gas	565
district	59	paraffin stove	748
district	59	charcoal	15735
district	59	firewood	147707
district	59	others	758
district	4	electricity	830
district	4	gas	427
district	4	paraffin stove	592
district	4	charcoal	7154
district	4	firewood	57153
district	4	others	583
district	98	electricity	464
district	98	gas	177
district	98	paraffin stove	357
district	98	charcoal	8776
district	98	firewood	41949
district	98	others	273
district	60	electricity	1099
district	60	gas	192
district	60	paraffin stove	248
district	60	charcoal	4342
district	60	firewood	54543
district	60	others	1533
district	70	electricity	754
district	70	gas	308
district	70	paraffin stove	199
district	70	charcoal	5068
district	70	firewood	53331
district	70	others	302
district	69	electricity	1327
district	69	gas	427
district	69	paraffin stove	575
district	69	charcoal	5961
district	69	firewood	82572
district	69	others	574
district	97	electricity	2083
district	97	gas	283
district	97	paraffin stove	652
district	97	charcoal	14199
district	97	firewood	47046
district	97	others	288
district	61	electricity	3786
district	61	gas	1152
district	61	paraffin stove	2250
district	61	charcoal	33677
district	61	firewood	69924
district	61	others	1439
district	102	electricity	747
district	102	gas	144
district	102	paraffin stove	296
district	102	charcoal	1946
district	102	firewood	36237
district	102	others	327
district	436	electricity	134
district	436	gas	63
district	436	paraffin stove	113
district	436	charcoal	3771
district	436	firewood	9445
district	436	others	392
district	62	electricity	1385
district	62	gas	420
district	62	paraffin stove	623
district	62	charcoal	11392
district	62	firewood	85832
district	62	others	1750
district	101	electricity	395
district	101	gas	74
district	101	paraffin stove	265
district	101	charcoal	3090
district	101	firewood	24618
district	101	others	172
district	63	electricity	1135
district	63	gas	302
district	63	paraffin stove	491
district	63	charcoal	6437
district	63	firewood	60244
district	63	others	439
district	456	electricity	732
district	456	gas	201
district	456	paraffin stove	512
district	456	charcoal	4914
district	456	firewood	38583
district	456	others	797
\.


--
-- Data for Name: householddistributionbylightsource; Type: TABLE DATA; Schema: public; Owner: postgres
--

COPY householddistributionbylightsource (geo_level, geo_code, "household distribution by light source", total) FROM stdin;
district	80	electricity	26984
district	80	gas	383
district	80	paraffin lantern	12170
district	80	paraffin tadooba	49111
district	80	candles	4424
district	80	firewood	537
district	80	others	4324
district	16	electricity	5194
district	16	gas	100
district	16	paraffin lantern	4015
district	16	paraffin tadooba	22539
district	16	candles	537
district	16	firewood	259
district	16	others	1691
district	67	electricity	4081
district	67	gas	79
district	67	paraffin lantern	3532
district	67	paraffin tadooba	12468
district	67	candles	814
district	67	firewood	153
district	67	others	474
district	74	electricity	1825
district	74	gas	76
district	74	paraffin lantern	1356
district	74	paraffin tadooba	14951
district	74	candles	1063
district	74	firewood	221
district	74	others	5692
district	19	electricity	4656
district	19	gas	162
district	19	paraffin lantern	2990
district	19	paraffin tadooba	24041
district	19	candles	772
district	19	firewood	305
district	19	others	2359
district	1	electricity	2751
district	1	gas	41
district	1	paraffin lantern	2939
district	1	paraffin tadooba	9172
district	1	candles	1299
district	1	firewood	103
district	1	others	3795
district	85	electricity	8166
district	85	gas	203
district	85	paraffin lantern	5233
district	85	paraffin tadooba	25672
district	85	candles	795
district	85	firewood	274
district	85	others	1094
district	20	electricity	349178
district	20	gas	1183
district	20	paraffin lantern	19409
district	20	paraffin tadooba	11511
district	20	candles	29114
district	20	firewood	95
district	20	others	5604
district	26	electricity	11395
district	26	gas	250
district	26	paraffin lantern	6675
district	26	paraffin tadooba	51351
district	26	candles	2090
district	26	firewood	678
district	26	others	3634
district	109	electricity	5441
district	109	gas	128
district	109	paraffin lantern	3759
district	109	paraffin tadooba	18551
district	109	candles	1334
district	109	firewood	361
district	109	others	4498
district	108	electricity	5192
district	108	gas	223
district	108	paraffin lantern	3946
district	108	paraffin tadooba	28168
district	108	candles	2897
district	108	firewood	726
district	108	others	6619
district	21	electricity	28172
district	21	gas	472
district	21	paraffin lantern	15278
district	21	paraffin tadooba	50894
district	21	candles	4250
district	21	firewood	614
district	21	others	5666
district	17	electricity	11184
district	17	gas	240
district	17	paraffin lantern	6702
district	17	paraffin tadooba	39785
district	17	candles	1545
district	17	firewood	527
district	17	others	1817
district	28	electricity	4300
district	28	gas	100
district	28	paraffin lantern	3058
district	28	paraffin tadooba	10565
district	28	candles	833
district	28	firewood	275
district	28	others	1508
district	18	electricity	28225
district	18	gas	260
district	18	paraffin lantern	9936
district	18	paraffin tadooba	31791
district	18	candles	2640
district	18	firewood	304
district	18	others	2609
district	29	electricity	18414
district	29	gas	396
district	29	paraffin lantern	8071
district	29	paraffin tadooba	45878
district	29	candles	2600
district	29	firewood	589
district	29	others	4139
district	68	electricity	13314
district	68	gas	388
district	68	paraffin lantern	9140
district	68	paraffin tadooba	31103
district	68	candles	2398
district	68	firewood	590
district	68	others	3588
district	22	electricity	22071
district	22	gas	772
district	22	paraffin lantern	10581
district	22	paraffin tadooba	100709
district	22	candles	5452
district	22	firewood	1767
district	22	others	9925
district	79	electricity	47918
district	79	gas	852
district	79	paraffin lantern	21597
district	79	paraffin tadooba	59521
district	79	candles	6290
district	79	firewood	959
district	79	others	7495
district	30	electricity	8289
district	30	gas	345
district	30	paraffin lantern	6052
district	30	paraffin tadooba	23811
district	30	candles	1709
district	30	firewood	414
district	30	others	2695
district	23	electricity	5747
district	23	gas	215
district	23	paraffin lantern	5057
district	23	paraffin tadooba	15096
district	23	candles	2052
district	23	firewood	349
district	23	others	7862
district	24	electricity	17038
district	24	gas	668
district	24	paraffin lantern	10942
district	24	paraffin tadooba	79472
district	24	candles	3226
district	24	firewood	1544
district	24	others	3602
district	25	electricity	7878
district	25	gas	337
district	25	paraffin lantern	6567
district	25	paraffin tadooba	33631
district	25	candles	1400
district	25	firewood	766
district	25	others	4606
district	27	electricity	309133
district	27	gas	4055
district	27	paraffin lantern	63304
district	27	paraffin tadooba	70528
district	27	candles	33040
district	27	firewood	1994
district	27	others	20035
district	396	electricity	3448
district	396	gas	144
district	396	paraffin lantern	2751
district	396	paraffin tadooba	18140
district	396	candles	893
district	396	firewood	1985
district	396	others	20956
district	319	electricity	2176
district	319	gas	72
district	319	paraffin lantern	2486
district	319	paraffin tadooba	29929
district	319	candles	1410
district	319	firewood	228
district	319	others	821
district	37	electricity	1545
district	37	gas	198
district	37	paraffin lantern	4246
district	37	paraffin tadooba	27893
district	37	candles	1792
district	37	firewood	556
district	37	others	594
district	81	electricity	6213
district	81	gas	279
district	81	paraffin lantern	5817
district	81	paraffin tadooba	55951
district	81	candles	3533
district	81	firewood	604
district	81	others	2114
district	38	electricity	2098
district	38	gas	94
district	38	paraffin lantern	3165
district	38	paraffin tadooba	22814
district	38	candles	947
district	38	firewood	508
district	38	others	6678
district	39	electricity	846
district	39	gas	108
district	39	paraffin lantern	2697
district	39	paraffin tadooba	11166
district	39	candles	1242
district	39	firewood	531
district	39	others	48
district	382	electricity	1849
district	382	gas	153
district	382	paraffin lantern	3432
district	382	paraffin tadooba	26642
district	382	candles	876
district	382	firewood	581
district	382	others	505
district	83	electricity	7941
district	83	gas	275
district	83	paraffin lantern	8331
district	83	paraffin tadooba	45370
district	83	candles	1786
district	83	firewood	350
district	83	others	735
district	40	electricity	2284
district	40	gas	179
district	40	paraffin lantern	2188
district	40	paraffin tadooba	36723
district	40	candles	1744
district	40	firewood	443
district	40	others	815
district	78	electricity	4619
district	78	gas	299
district	78	paraffin lantern	2452
district	78	paraffin tadooba	40818
district	78	candles	5583
district	78	firewood	1189
district	78	others	6268
district	72	electricity	17450
district	72	gas	413
district	72	paraffin lantern	9532
district	72	paraffin tadooba	64430
district	72	candles	6370
district	72	firewood	596
district	72	others	3881
district	31	electricity	34172
district	31	gas	655
district	31	paraffin lantern	9039
district	31	paraffin tadooba	52793
district	31	candles	5370
district	31	firewood	374
district	31	others	3060
district	383	electricity	2052
district	383	gas	156
district	383	paraffin lantern	1884
district	383	paraffin tadooba	22830
district	383	candles	803
district	383	firewood	588
district	383	others	10484
district	41	electricity	3281
district	41	gas	103
district	41	paraffin lantern	1804
district	41	paraffin tadooba	32023
district	41	candles	2635
district	41	firewood	406
district	41	others	2683
district	77	electricity	9950
district	77	gas	371
district	77	paraffin lantern	5614
district	77	paraffin tadooba	66628
district	77	candles	6286
district	77	firewood	865
district	77	others	4284
district	90	electricity	1901
district	90	gas	119
district	90	paraffin lantern	3993
district	90	paraffin tadooba	13437
district	90	candles	2328
district	90	firewood	305
district	90	others	251
district	32	electricity	1576
district	32	gas	99
district	32	paraffin lantern	2148
district	32	paraffin tadooba	9989
district	32	candles	982
district	32	firewood	1326
district	32	others	14646
district	75	electricity	1797
district	75	gas	80
district	75	paraffin lantern	1598
district	75	paraffin tadooba	27627
district	75	candles	2371
district	75	firewood	351
district	75	others	1644
district	323	electricity	3208
district	323	gas	145
district	323	paraffin lantern	4014
district	323	paraffin tadooba	14319
district	323	candles	1125
district	323	firewood	644
district	323	others	17349
district	91	electricity	698
district	91	gas	85
district	91	paraffin lantern	2375
district	91	paraffin tadooba	9634
district	91	candles	3801
district	91	firewood	661
district	91	others	598
district	345	electricity	3689
district	345	gas	189
district	345	paraffin lantern	1866
district	345	paraffin tadooba	34818
district	345	candles	1989
district	345	firewood	408
district	345	others	1412
district	42	electricity	3392
district	42	gas	347
district	42	paraffin lantern	7920
district	42	paraffin tadooba	56400
district	42	candles	2820
district	42	firewood	846
district	42	others	1178
district	73	electricity	9092
district	73	gas	599
district	73	paraffin lantern	5012
district	73	paraffin tadooba	67036
district	73	candles	5350
district	73	firewood	1419
district	73	others	6799
district	33	electricity	25585
district	33	gas	1564
district	33	paraffin lantern	16061
district	33	paraffin tadooba	55337
district	33	candles	4575
district	33	firewood	1486
district	33	others	3930
district	82	electricity	2095
district	82	gas	285
district	82	paraffin lantern	2944
district	82	paraffin tadooba	32903
district	82	candles	2262
district	82	firewood	505
district	82	others	1976
district	43	electricity	2900
district	43	gas	147
district	43	paraffin lantern	2552
district	43	paraffin tadooba	32785
district	43	candles	3954
district	43	firewood	420
district	43	others	2565
district	84	electricity	1516
district	84	gas	67
district	84	paraffin lantern	1333
district	84	paraffin tadooba	6092
district	84	candles	460
district	84	firewood	446
district	84	others	13734
district	76	electricity	3810
district	76	gas	222
district	76	paraffin lantern	4498
district	76	paraffin tadooba	42715
district	76	candles	2639
district	76	firewood	908
district	76	others	10972
district	87	electricity	3152
district	87	gas	339
district	87	paraffin lantern	3627
district	87	paraffin tadooba	15546
district	87	candles	2003
district	87	firewood	1530
district	87	others	21479
district	89	electricity	4587
district	89	gas	614
district	89	paraffin lantern	8626
district	89	paraffin tadooba	36862
district	89	candles	1550
district	89	firewood	682
district	89	others	2105
district	88	electricity	8123
district	88	gas	297
district	88	paraffin lantern	5663
district	88	paraffin tadooba	23212
district	88	candles	2408
district	88	firewood	1476
district	88	others	13767
district	34	electricity	10863
district	34	gas	834
district	34	paraffin lantern	8229
district	34	paraffin tadooba	73581
district	34	candles	3327
district	34	firewood	1370
district	34	others	4430
district	49	electricity	905
district	49	gas	64
district	49	paraffin lantern	2033
district	49	paraffin tadooba	3145
district	49	candles	1942
district	49	firewood	2179
district	49	others	7813
district	44	electricity	3640
district	44	gas	148
district	44	paraffin lantern	3918
district	44	paraffin tadooba	9800
district	44	candles	1924
district	44	firewood	2131
district	44	others	19598
district	10	electricity	2438
district	10	gas	254
district	10	paraffin lantern	10502
district	10	paraffin tadooba	20478
district	10	candles	969
district	10	firewood	1814
district	10	others	6899
district	7	electricity	1862
district	7	gas	210
district	7	paraffin lantern	4885
district	7	paraffin tadooba	28847
district	7	candles	588
district	7	firewood	809
district	7	others	9057
district	50	electricity	2583
district	50	gas	91
district	50	paraffin lantern	2968
district	50	paraffin tadooba	10092
district	50	candles	765
district	50	firewood	490
district	50	others	10994
district	110	electricity	293
district	110	gas	144
district	110	paraffin lantern	2086
district	110	paraffin tadooba	1372
district	110	candles	655
district	110	firewood	10082
district	110	others	864
district	9	electricity	2352
district	9	gas	311
district	9	paraffin lantern	7156
district	9	paraffin tadooba	22281
district	9	candles	1641
district	9	firewood	1272
district	9	others	1689
district	12	electricity	4332
district	12	gas	481
district	12	paraffin lantern	9183
district	12	paraffin tadooba	29046
district	12	candles	1645
district	12	firewood	1221
district	12	others	25747
district	104	electricity	15915
district	104	gas	508
district	104	paraffin lantern	39272
district	104	paraffin tadooba	75451
district	104	candles	1592
district	104	firewood	3601
district	104	others	10336
district	51	electricity	2293
district	51	gas	162
district	51	paraffin lantern	5435
district	51	paraffin tadooba	18280
district	51	candles	644
district	51	firewood	489
district	51	others	7579
district	45	electricity	13384
district	45	gas	456
district	45	paraffin lantern	16382
district	45	paraffin tadooba	49511
district	45	candles	3450
district	45	firewood	1038
district	45	others	2703
district	52	electricity	777
district	52	gas	85
district	52	paraffin lantern	568
district	52	paraffin tadooba	246
district	52	candles	2477
district	52	firewood	17994
district	52	others	7063
district	14	electricity	4579
district	14	gas	169
district	14	paraffin lantern	7810
district	14	paraffin tadooba	16036
district	14	candles	1670
district	14	firewood	2197
district	14	others	7227
district	53	electricity	3892
district	53	gas	126
district	53	paraffin lantern	4246
district	53	paraffin tadooba	7174
district	53	candles	505
district	53	firewood	518
district	53	others	13829
district	300	electricity	2817
district	300	gas	332
district	300	paraffin lantern	9202
district	300	paraffin tadooba	26387
district	300	candles	1160
district	300	firewood	930
district	300	others	7598
district	46	electricity	2049
district	46	gas	72
district	46	paraffin lantern	735
district	46	paraffin tadooba	425
district	46	candles	1663
district	46	firewood	10576
district	46	others	10650
district	343	electricity	1344
district	343	gas	132
district	343	paraffin lantern	5109
district	343	paraffin tadooba	9093
district	343	candles	645
district	343	firewood	2495
district	343	others	8433
district	6	electricity	14047
district	6	gas	557
district	6	paraffin lantern	16947
district	6	paraffin tadooba	39360
district	6	candles	3357
district	6	firewood	902
district	6	others	13963
district	348	electricity	2158
district	348	gas	173
district	348	paraffin lantern	7879
district	348	paraffin tadooba	23558
district	348	candles	381
district	348	firewood	414
district	348	others	1700
district	93	electricity	1953
district	93	gas	116
district	93	paraffin lantern	574
district	93	paraffin tadooba	619
district	93	candles	1971
district	93	firewood	15022
district	93	others	1836
district	47	electricity	2980
district	47	gas	80
district	47	paraffin lantern	4540
district	47	paraffin tadooba	8423
district	47	candles	803
district	47	firewood	461
district	47	others	8585
district	111	electricity	726
district	111	gas	102
district	111	paraffin lantern	829
district	111	paraffin tadooba	558
district	111	candles	1421
district	111	firewood	18901
district	111	others	2863
district	94	electricity	761
district	94	gas	116
district	94	paraffin lantern	678
district	94	paraffin tadooba	1087
district	94	candles	986
district	94	firewood	19625
district	94	others	3604
district	95	electricity	4743
district	95	gas	383
district	95	paraffin lantern	11300
district	95	paraffin tadooba	52543
district	95	candles	1362
district	95	firewood	1640
district	95	others	5426
district	8	electricity	1369
district	8	gas	117
district	8	paraffin lantern	2426
district	8	paraffin tadooba	19746
district	8	candles	432
district	8	firewood	603
district	8	others	1537
district	438	electricity	991
district	438	gas	109
district	438	paraffin lantern	2426
district	438	paraffin tadooba	10606
district	438	candles	346
district	438	firewood	610
district	438	others	6867
district	54	electricity	5268
district	54	gas	621
district	54	paraffin lantern	14572
district	54	paraffin tadooba	41544
district	54	candles	1742
district	54	firewood	1806
district	54	others	10940
district	11	electricity	2574
district	11	gas	183
district	11	paraffin lantern	7496
district	11	paraffin tadooba	16721
district	11	candles	907
district	11	firewood	1649
district	11	others	4630
district	48	electricity	3446
district	48	gas	229
district	48	paraffin lantern	8568
district	48	paraffin tadooba	10674
district	48	candles	1169
district	48	firewood	2153
district	48	others	37123
district	96	electricity	2772
district	96	gas	385
district	96	paraffin lantern	5985
district	96	paraffin tadooba	37057
district	96	candles	655
district	96	firewood	1011
district	96	others	3004
district	100	electricity	1917
district	100	gas	188
district	100	paraffin lantern	2142
district	100	paraffin tadooba	17512
district	100	candles	523
district	100	firewood	518
district	100	others	2045
district	66	electricity	1641
district	66	gas	125
district	66	paraffin lantern	2761
district	66	paraffin tadooba	13508
district	66	candles	337
district	66	firewood	241
district	66	others	3039
district	107	electricity	4995
district	107	gas	447
district	107	paraffin lantern	5670
district	107	paraffin tadooba	25037
district	107	candles	2822
district	107	firewood	920
district	107	others	4927
district	103	electricity	10060
district	103	gas	331
district	103	paraffin lantern	12650
district	103	paraffin tadooba	24187
district	103	candles	1594
district	103	firewood	365
district	103	others	2191
district	55	electricity	21074
district	55	gas	566
district	55	paraffin lantern	9274
district	55	paraffin tadooba	73058
district	55	candles	5267
district	55	firewood	1967
district	55	others	14348
district	366	electricity	8289
district	366	gas	473
district	366	paraffin lantern	7622
district	366	paraffin tadooba	33167
district	366	candles	2066
district	366	firewood	526
district	366	others	2863
district	3	electricity	11356
district	3	gas	401
district	3	paraffin lantern	10775
district	3	paraffin tadooba	64319
district	3	candles	3500
district	3	firewood	2175
district	3	others	9064
district	56	electricity	13993
district	56	gas	414
district	56	paraffin lantern	15555
district	56	paraffin tadooba	56135
district	56	candles	12854
district	56	firewood	3729
district	56	others	15174
district	57	electricity	19335
district	57	gas	490
district	57	paraffin lantern	9225
district	57	paraffin tadooba	67141
district	57	candles	3063
district	57	firewood	1170
district	57	others	6836
district	64	electricity	8145
district	64	gas	496
district	64	paraffin lantern	6257
district	64	paraffin tadooba	56333
district	64	candles	2474
district	64	firewood	2151
district	64	others	12830
district	65	electricity	6412
district	65	gas	207
district	65	paraffin lantern	8669
district	65	paraffin tadooba	29188
district	65	candles	2656
district	65	firewood	790
district	65	others	8053
district	58	electricity	23650
district	58	gas	538
district	58	paraffin lantern	13156
district	58	paraffin tadooba	92847
district	58	candles	4525
district	58	firewood	1300
district	58	others	3050
district	59	electricity	26367
district	59	gas	691
district	59	paraffin lantern	8490
district	59	paraffin tadooba	100961
district	59	candles	6556
district	59	firewood	2108
district	59	others	23149
district	4	electricity	9900
district	4	gas	441
district	4	paraffin lantern	11400
district	4	paraffin tadooba	30537
district	4	candles	2772
district	4	firewood	1251
district	4	others	10923
district	98	electricity	6517
district	98	gas	241
district	98	paraffin lantern	7986
district	98	paraffin tadooba	29185
district	98	candles	2655
district	98	firewood	1389
district	98	others	4185
district	60	electricity	4710
district	60	gas	269
district	60	paraffin lantern	4116
district	60	paraffin tadooba	40694
district	60	candles	2292
district	60	firewood	1797
district	60	others	8369
district	70	electricity	6973
district	70	gas	372
district	70	paraffin lantern	3694
district	70	paraffin tadooba	37921
district	70	candles	2004
district	70	firewood	1008
district	70	others	8089
district	69	electricity	10266
district	69	gas	392
district	69	paraffin lantern	6036
district	69	paraffin tadooba	59584
district	69	candles	2787
district	69	firewood	1715
district	69	others	10754
district	97	electricity	13247
district	97	gas	338
district	97	paraffin lantern	7113
district	97	paraffin tadooba	36526
district	97	candles	2397
district	97	firewood	1069
district	97	others	4245
district	61	electricity	37516
district	61	gas	622
district	61	paraffin lantern	16448
district	61	paraffin tadooba	46931
district	61	candles	6137
district	61	firewood	687
district	61	others	4508
district	102	electricity	4149
district	102	gas	273
district	102	paraffin lantern	6082
district	102	paraffin tadooba	25928
district	102	candles	785
district	102	firewood	327
district	102	others	2272
district	436	electricity	1531
district	436	gas	77
district	436	paraffin lantern	1337
district	436	paraffin tadooba	7255
district	436	candles	707
district	436	firewood	215
district	436	others	2820
district	62	electricity	12662
district	62	gas	699
district	62	paraffin lantern	12893
district	62	paraffin tadooba	67088
district	62	candles	2809
district	62	firewood	886
district	62	others	4759
district	101	electricity	3280
district	101	gas	161
district	101	paraffin lantern	2789
district	101	paraffin tadooba	20437
district	101	candles	744
district	101	firewood	231
district	101	others	1147
district	63	electricity	9840
district	63	gas	485
district	63	paraffin lantern	12133
district	63	paraffin tadooba	39791
district	63	candles	2646
district	63	firewood	861
district	63	others	3741
district	456	electricity	8320
district	456	gas	307
district	456	paraffin lantern	9867
district	456	paraffin tadooba	24307
district	456	candles	1220
district	456	firewood	266
district	456	others	1763
\.


--
-- Data for Name: ruralorurban; Type: TABLE DATA; Schema: public; Owner: wazimap
--

COPY ruralorurban (geo_level, geo_code, "rural or urban", total) FROM stdin;
district	80	rural	214149
district	80	urban	208622
district	16	rural	138588
district	16	urban	12825
district	67	rural	85603
district	67	urban	15237
district	74	rural	79954
district	74	urban	9936
district	19	rural	147483
district	19	urban	12439
district	1	rural	49313
district	1	urban	4980
district	85	rural	151095
district	85	urban	32137
district	20	rural	0
district	20	urban	1507080
district	26	rural	340974
district	26	urban	27088
district	109	rural	114698
district	109	urban	33520
district	108	rural	190200
district	108	urban	24493
district	21	rural	361284
district	21	urban	95674
district	17	rural	232011
district	17	urban	42942
district	28	rural	79930
district	28	urban	13823
district	18	rural	193711
district	18	urban	103293
district	29	rural	221328
district	29	urban	107636
district	68	rural	207242
district	68	urban	43306
district	22	rural	572023
district	22	urban	112314
district	79	rural	434062
district	79	urban	162742
district	30	rural	157969
district	30	urban	39400
district	23	rural	157059
district	23	urban	24740
district	24	rural	482248
district	24	urban	34061
district	25	rural	235568
district	25	urban	17029
district	27	rural	814517
district	27	urban	1182901
district	396	rural	253543
district	396	urban	17385
district	319	rural	183720
district	319	urban	23877
district	37	rural	196400
district	37	urban	13773
district	81	rural	318681
district	81	urban	64232
district	38	rural	192691
district	38	urban	10909
district	39	rural	77262
district	39	urban	12094
district	382	rural	157643
district	382	urban	16865
district	83	rural	268844
district	83	urban	54818
district	40	rural	210952
district	40	urban	33201
district	78	rural	299836
district	78	urban	23231
district	72	rural	411460
district	72	urban	92737
district	31	rural	298858
district	31	urban	172384
district	383	rural	210994
district	383	urban	4032
district	41	rural	219438
district	41	urban	16761
district	77	rural	426958
district	77	urban	59361
district	90	rural	91762
district	90	urban	13424
district	32	rural	156943
district	32	urban	9288
district	75	rural	184597
district	75	urban	17436
district	323	rural	202774
district	323	urban	36494
district	91	rural	87210
district	91	urban	6457
district	345	rural	227749
district	345	urban	10271
district	42	rural	302541
district	42	urban	51284
district	73	rural	439692
district	73	urban	33547
district	33	rural	365869
district	33	urban	123091
district	82	rural	199717
district	82	urban	15725
district	43	rural	233943
district	43	urban	18619
district	84	rural	126748
district	84	urban	15171
district	76	rural	348951
district	76	urban	37939
district	87	rural	273701
district	87	urban	12202
district	89	rural	208173
district	89	urban	34249
district	88	rural	247187
district	88	urban	49646
district	34	rural	444937
district	34	urban	72145
district	49	rural	90790
district	49	urban	17176
district	44	rural	184864
district	44	urban	40387
district	10	rural	198799
district	10	urban	28993
district	7	rural	220835
district	7	urban	6706
district	50	rural	125562
district	50	urban	21604
district	110	rural	93982
district	110	urban	11785
district	9	rural	177395
district	9	urban	9301
district	12	rural	346032
district	12	urban	22594
district	104	rural	720131
district	104	urban	61946
district	51	rural	162974
district	51	urban	20119
district	45	rural	286545
district	45	urban	149800
district	52	rural	156319
district	52	urban	11560
district	14	rural	128455
district	14	urban	75593
district	53	rural	148585
district	53	urban	57910
district	300	rural	230479
district	300	urban	8848
district	46	rural	167198
district	46	urban	13852
district	343	rural	112637
district	343	urban	21742
district	6	rural	306770
district	6	urban	101273
district	348	rural	176834
district	348	urban	9300
district	93	rural	89219
district	93	urban	14213
district	47	rural	128432
district	47	urban	10580
district	111	rural	152961
district	111	urban	3729
district	94	rural	137499
district	94	urban	4725
district	95	rural	338665
district	95	urban	58129
district	8	rural	119913
district	8	urban	13593
district	438	rural	98041
district	438	urban	6213
district	54	rural	365209
district	54	urban	18435
district	11	rural	164602
district	11	urban	13402
district	48	rural	449819
district	48	urban	35003
district	96	rural	195497
district	96	urban	44585
district	100	rural	117768
district	100	urban	2952
district	66	rural	105923
district	66	urban	7238
district	107	rural	188726
district	107	urban	35661
district	103	rural	186655
district	103	urban	47785
district	55	rural	467021
district	55	urban	105965
district	366	rural	184860
district	366	urban	64765
district	3	rural	430982
district	3	urban	55378
district	56	rural	452093
district	56	urban	76138
district	57	rural	347082
district	57	urban	122154
district	64	rural	391546
district	64	urban	22908
district	65	rural	201006
district	65	urban	51138
district	58	rural	574011
district	58	urban	120981
district	59	rural	723308
district	59	urban	61780
district	4	rural	296822
district	4	urban	31255
district	98	rural	210594
district	98	urban	55603
district	60	rural	256251
district	60	urban	25454
district	70	rural	255337
district	70	urban	26300
district	69	rural	357391
district	69	urban	64813
district	97	rural	196675
district	97	urban	94438
district	61	rural	277471
district	61	urban	195158
district	102	rural	172048
district	102	urban	11396
district	436	rural	43216
district	436	urban	23789
district	62	rural	423211
district	62	urban	60630
district	101	rural	111912
district	101	urban	17237
district	63	rural	271088
district	63	urban	43606
district	456	rural	159963
district	456	urban	47380
\.


--
-- Data for Name: sex; Type: TABLE DATA; Schema: public; Owner: wazimap
--

COPY sex (geo_level, geo_code, sex, total) FROM stdin;
district	80	male	212827
district	80	female	209944
district	16	male	75629
district	16	female	75784
district	67	male	50722
district	67	female	50118
district	74	male	48847
district	74	female	41043
district	19	male	82652
district	19	female	77270
district	1	male	31047
district	1	female	23246
district	85	male	92735
district	85	female	90497
district	20	male	724326
district	20	female	782754
district	26	male	181920
district	26	female	186142
district	109	male	77169
district	109	female	71049
district	108	male	112037
district	108	female	102656
district	21	male	230451
district	21	female	226507
district	17	male	134774
district	17	female	140179
district	28	male	46866
district	28	female	46887
district	18	male	149857
district	18	female	147147
district	29	male	168509
district	29	female	160455
district	68	male	128203
district	68	female	122345
district	22	male	351746
district	22	female	332591
district	79	male	297154
district	79	female	299650
district	30	male	107607
district	30	female	89762
district	23	male	94526
district	23	female	87273
district	24	male	257565
district	24	female	258744
district	25	male	127033
district	25	female	125564
district	27	male	962121
district	27	female	1035297
district	396	male	133017
district	396	female	137911
district	319	male	101076
district	319	female	106521
district	37	male	106519
district	37	female	103654
district	81	male	186400
district	81	female	196513
district	38	male	99122
district	38	female	104478
district	39	male	45258
district	39	female	44098
district	382	male	86505
district	382	female	88003
district	83	male	157415
district	83	female	166247
district	40	male	119721
district	40	female	124432
district	78	male	158794
district	78	female	164273
district	72	male	242543
district	72	female	261654
district	31	male	233166
district	31	female	238076
district	383	male	106555
district	383	female	108471
district	41	male	116787
district	41	female	119412
district	77	male	238729
district	77	female	247590
district	90	male	51782
district	90	female	53404
district	32	male	82558
district	32	female	83673
district	75	male	97845
district	75	female	104188
district	323	male	117007
district	323	female	122261
district	91	male	47594
district	91	female	46073
district	345	male	113849
district	345	female	124171
district	42	male	174088
district	42	female	179737
district	73	male	229791
district	73	female	243448
district	33	male	235624
district	33	female	253336
district	82	male	106608
district	82	female	108834
district	43	male	124304
district	43	female	128258
district	84	male	69153
district	84	female	72766
district	76	male	189342
district	76	female	197548
district	87	male	140832
district	87	female	145071
district	89	male	121119
district	89	female	121303
district	88	male	147128
district	88	female	149705
district	34	male	251892
district	34	female	265190
district	49	male	52769
district	49	female	55197
district	44	male	109092
district	44	female	116159
district	10	male	111081
district	10	female	116711
district	7	male	111191
district	7	female	116350
district	50	male	73741
district	50	female	73425
district	110	male	56403
district	110	female	49364
district	9	male	91468
district	9	female	95228
district	12	male	182017
district	12	female	186609
district	104	male	376953
district	104	female	405124
district	51	male	89943
district	51	female	93150
district	45	male	215906
district	45	female	220439
district	52	male	79379
district	52	female	88500
district	14	male	99604
district	14	female	104444
district	53	male	102529
district	53	female	103966
district	300	male	117798
district	300	female	121529
district	46	male	89163
district	46	female	91887
district	343	male	65196
district	343	female	69183
district	6	male	199245
district	6	female	208798
district	348	male	88228
district	348	female	97906
district	93	male	51452
district	93	female	51980
district	47	male	69392
district	47	female	69620
district	111	male	78030
district	111	female	78660
district	94	male	65991
district	94	female	76233
district	95	male	192974
district	95	female	203820
district	8	male	66227
district	8	female	67279
district	438	male	51315
district	438	female	52939
district	54	male	187886
district	54	female	195758
district	11	male	86838
district	11	female	91166
district	48	male	233159
district	48	female	251663
district	96	male	116198
district	96	female	123884
district	100	male	59245
district	100	female	61475
district	66	male	57822
district	66	female	55339
district	107	male	108766
district	107	female	115621
district	103	male	116410
district	103	female	118030
district	55	male	290413
district	55	female	282573
district	366	male	122796
district	366	female	126829
district	3	male	236619
district	3	female	249741
district	56	male	254414
district	56	female	273817
district	57	male	234816
district	57	female	234420
district	64	male	203164
district	64	female	211290
district	65	male	121873
district	65	female	130271
district	58	male	339455
district	58	female	355537
district	59	male	391185
district	59	female	393903
district	4	male	166935
district	4	female	161142
district	98	male	133701
district	98	female	132496
district	60	male	126643
district	60	female	155062
district	70	male	141043
district	70	female	140594
district	69	male	210900
district	69	female	211304
district	97	male	150522
district	97	female	140591
district	61	male	233492
district	61	female	239137
district	102	male	86771
district	102	female	96673
district	436	male	34174
district	436	female	32831
district	62	male	234822
district	62	female	249019
district	101	male	62135
district	101	female	67014
district	63	male	152070
district	63	female	162624
district	456	male	101032
district	456	female	106311
\.


--
-- Data for Name: wazimap_geography; Type: TABLE DATA; Schema: public; Owner: wazimap
--

COPY wazimap_geography (id, geo_level, geo_code, name, year, square_kms, parent_level, parent_code, long_name) FROM stdin;
1	country	UG	Uganda	2014	\N	\N	\N	\N
2	district	35	Kaberamaido	2014	\N	region	115	\N
3	district	105	Maracha	2014	\N	region	116	\N
4	district	39	Bukwo	2014	\N	region	115	\N
5	district	2	Ibanda	2014	\N	region	115	\N
6	district	112	Budaka	2014	\N	region	115	\N
7	district	32	Katakwi	2014	\N	region	115	\N
8	district	31	Jinja	2014	\N	region	115	\N
9	district	57	Kabarole	2014	\N	region	117	\N
10	district	52	Kaabong	2014	\N	region	116	\N
11	district	82	Namayingo	2014	\N	region	115	\N
12	district	21	Luwero	2014	\N	region	114	\N
13	district	27	Wakiso	2014	\N	region	114	\N
14	district	55	Hoima	2014	\N	region	117	\N
15	district	12	Apac	2014	\N	region	116	\N
16	district	19	Gomba	2014	\N	region	114	\N
17	district	64	Kamwenge	2014	\N	region	117	\N
18	district	50	Amolatar	2014	\N	region	116	\N
19	district	18	Masaka	2014	\N	region	114	\N
20	district	74	Buvuma	2014	\N	region	114	\N
21	district	86	Kumi	2014	\N	region	116	\N
22	district	6	Lira	2014	\N	region	116	\N
23	district	17	Lwengo	2014	\N	region	114	\N
24	district	97	Masindi	2014	\N	region	117	\N
25	district	44	Adjumani	2014	\N	region	116	\N
26	district	94	Napak	2014	\N	region	116	\N
27	district	15	Lamwo	2014	\N	region	116	\N
28	district	62	Ntungamo	2014	\N	region	117	\N
29	district	13	Kole	2014	\N	region	116	\N
30	district	99	Sheema	2014	\N	region	117	\N
31	district	92	Bulambuli	2014	\N	region	115	\N
32	district	95	Nebbi	2014	\N	region	116	\N
33	district	5	Otuke	2014	\N	region	116	\N
34	district	36	Amuria	2014	\N	region	116	\N
35	district	79	Mukono	2014	\N	region	114	\N
36	district	70	Kyegegwa	2014	\N	region	117	\N
37	district	96	Zombo	2014	\N	region	116	\N
38	district	80	Buikwe	2014	\N	region	114	\N
39	district	28	Lyantonde	2014	\N	region	114	\N
40	district	48	Yumbe	2014	\N	region	116	\N
41	district	11	Pader	2014	\N	region	116	\N
42	district	98	Kiryandongo	2014	\N	region	117	\N
43	district	106	Ntoroko	2014	\N	region	117	\N
44	district	43	Namutumba	2014	\N	region	115	\N
45	district	111	Nakapiripirit	2014	\N	region	116	\N
46	district	71	Luuka	2014	\N	region	115	\N
47	district	58	Kasese	2014	\N	region	114	\N
48	district	60	Kisoro	2014	\N	region	117	\N
49	district	72	Iganga	2014	\N	region	115	\N
50	district	4	Kiruhura	2014	\N	region	117	\N
51	district	1	Kalangala	2014	\N	region	114	\N
52	district	30	Nakaseke	2014	\N	region	114	\N
53	district	68	Mpigi	2014	\N	region	114	\N
54	district	93	Moroto	2014	\N	region	116	\N
55	district	103	Bushenyi	2014	\N	region	117	\N
56	district	25	Sembabule	2014	\N	region	114	\N
57	district	104	Arua	2014	\N	region	116	\N
58	district	59	Kibaale	2014	\N	region	117	\N
59	district	8	Nwoya	2014	\N	region	116	\N
60	district	66	Buliisa	2014	\N	region	117	\N
61	district	20	Kampala	2014	\N	region	114	\N
62	district	102	Mitooma	2014	\N	region	117	\N
63	district	87	Serere	2014	\N	region	115	\N
64	district	29	Mityana	2014	\N	region	114	\N
65	district	49	Abim	2014	\N	region	116	\N
66	district	101	Rubirizi	2014	\N	region	117	\N
67	district	37	Bududa	2014	\N	region	115	\N
68	district	14	Kitgum	2014	\N	region	116	\N
69	district	7	Alebtong	2014	\N	region	116	\N
70	district	47	Moyo	2014	\N	region	116	\N
71	district	109	Kiboga	2014	\N	region	114	\N
72	district	9	Amuru	2014	\N	region	116	\N
73	district	51	Dokolo	2014	\N	region	116	\N
74	district	46	Kotido	2014	\N	region	116	\N
75	district	53	Koboko	2014	\N	region	116	\N
76	district	10	Agago	2014	\N	region	116	\N
77	district	22	Mubende	2014	\N	region	114	\N
78	district	61	Mbarara	2014	\N	region	117	\N
79	district	110	Amudat	2014	\N	region	116	\N
80	district	78	Buyende	2014	\N	region	115	\N
81	district	84	Ngora	2014	\N	region	115	\N
82	district	41	Kaliro	2014	\N	region	115	\N
83	district	67	Butambala	2014	\N	region	114	\N
84	district	77	Kamuli	2014	\N	region	115	\N
85	district	56	Kabale	2014	\N	region	117	\N
86	district	83	Busia	2014	\N	region	115	\N
87	district	40	Butaleja	2014	\N	region	115	\N
88	district	90	Kapchorwa	2014	\N	region	115	\N
89	district	42	Manafwa	2014	\N	region	115	\N
90	district	69	Kyenjojo	2014	\N	region	117	\N
91	district	89	Sironko	2014	\N	region	115	\N
92	district	38	Bukedea	2014	\N	region	115	\N
93	district	65	Kanungu	2014	\N	region	117	\N
94	district	33	Mbale	2014	\N	region	115	\N
95	district	91	Kween	2014	\N	region	116	\N
96	district	107	Bundibugyo	2014	\N	region	117	\N
97	district	63	Rukungiri	2014	\N	region	117	\N
98	district	88	Soroti	2014	\N	region	115	\N
99	district	54	Oyam	2014	\N	region	116	\N
100	district	76	Pallisa	2014	\N	region	116	\N
101	district	3	Isingiro	2014	\N	region	117	\N
102	district	108	Kyankwanzi	2014	\N	region	114	\N
103	district	24	Rakai	2014	\N	region	114	\N
104	district	26	Kayunga	2014	\N	region	114	\N
105	district	73	Mayuge	2014	\N	region	115	\N
106	district	100	Buhweju	2014	\N	region	117	\N
107	district	45	Gulu	2014	\N	region	116	\N
108	district	34	Tororo	2014	\N	region	115	\N
109	district	75	Kibuku	2014	\N	region	115	\N
110	district	85	Kalungu	2014	\N	region	114	\N
111	district	23	Nakasongola	2014	\N	region	114	\N
112	district	16	Bukomansimbi	2014	\N	region	114	\N
113	district	81	Bugiri	2014	\N	region	115	\N
114	region	115	Eastern Uganda	2014	\N	country	UG	\N
115	region	114	Central Uganda	2014	\N	country	UG	\N
116	region	116	Northern Uganda	2014	\N	country	UG	\N
117	region	117	Western Uganda	2014	\N	country	UG	\N
118	subcounty	467	Busiro	2014	\N	district	27	\N
119	subcounty	364	Buhaguzi	2014	\N	district	55	\N
120	subcounty	310	Bulamogi	2014	\N	district	41	\N
121	subcounty	456	Sheema	2014	\N	district	99	\N
122	subcounty	421	Moroto municipality	2014	\N	district	93	\N
123	subcounty	423	Obongi	2014	\N	district	47	\N
124	subcounty	363	Bugahya	2014	\N	district	55	\N
125	subcounty	393	Agago	2014	\N	district	10	\N
126	subcounty	315	Bbaale	2014	\N	district	26	\N
127	subcounty	413	Kassanda	2014	\N	district	22	\N
128	subcounty	418	Buruli	2014	\N	district	23	\N
129	subcounty	358	Kongasis	2014	\N	district	39	\N
130	subcounty	380	Bunyangabo	2014	\N	district	57	\N
131	subcounty	378	Fortportal municipality	2014	\N	district	57	\N
132	subcounty	410	Mbale municipality	2014	\N	district	33	\N
133	subcounty	392	East moyo	2014	\N	district	44	\N
134	subcounty	327	Bubulo	2014	\N	district	42	\N
135	subcounty	292	Bujenje	2014	\N	district	97	\N
136	subcounty	320	Buyaga	2014	\N	district	59	\N
137	subcounty	316	Ntenjeru	2014	\N	district	26	\N
138	subcounty	295	Kibuku	2014	\N	district	75	\N
139	subcounty	349	Bughendera	2014	\N	district	107	\N
140	subcounty	308	Buvuma islands	2014	\N	district	74	\N
141	subcounty	468	Kyadondo	2014	\N	district	27	\N
142	subcounty	298	Koboko	2014	\N	district	53	\N
143	subcounty	359	Butambala	2014	\N	district	67	\N
144	subcounty	326	Buyanja	2014	\N	district	59	\N
145	subcounty	311	Kampala capital city	2014	\N	district	20	\N
146	subcounty	440	Ngora	2014	\N	district	84	\N
147	subcounty	406	Terego	2014	\N	district	104	\N
148	subcounty	331	Manjiya	2014	\N	district	37	\N
149	subcounty	466	Tororo municipality	2014	\N	district	34	\N
150	subcounty	309	Tingey	2014	\N	district	90	\N
151	subcounty	471	Okoro	2014	\N	district	96	\N
152	subcounty	307	Kinkizi	2014	\N	district	65	\N
153	subcounty	314	Kasese municipality	2014	\N	district	58	\N
154	subcounty	335	Mwenge	2014	\N	district	69	\N
155	subcounty	400	Arua municipality	2014	\N	district	104	\N
156	subcounty	444	Rushenyi	2014	\N	district	62	\N
157	subcounty	470	Entebbe municipality	2014	\N	district	27	\N
158	subcounty	328	Bunyole	2014	\N	district	40	\N
159	subcounty	463	Soroti municipality	2014	\N	district	88	\N
160	subcounty	291	Masaka municipality	2014	\N	district	18	\N
161	subcounty	323	Kumi	2014	\N	district	86	\N
162	subcounty	353	Bwamba	2014	\N	district	107	\N
163	subcounty	401	Ayivu	2014	\N	district	104	\N
164	subcounty	336	Lira municipality	2014	\N	district	6	\N
165	subcounty	457	Budadiri	2014	\N	district	89	\N
166	subcounty	352	Omoro	2014	\N	district	45	\N
167	subcounty	319	Budaka	2014	\N	district	112	\N
168	subcounty	442	Ntungamo municipality	2014	\N	district	62	\N
169	subcounty	459	Rukungiri municipality	2014	\N	district	63	\N
170	subcounty	337	Katikamu	2014	\N	district	21	\N
171	subcounty	367	Bugweri	2014	\N	district	72	\N
172	subcounty	362	Dokolo	2014	\N	district	51	\N
173	subcounty	430	Chekwii	2014	\N	district	111	\N
174	subcounty	409	Ruhinda	2014	\N	district	102	\N
175	subcounty	432	Pian	2014	\N	district	111	\N
176	subcounty	384	Kalaki	2014	\N	district	35	\N
177	subcounty	426	Kasambya	2014	\N	district	22	\N
178	subcounty	355	Busia municipality	2014	\N	district	83	\N
179	subcounty	360	Budiope	2014	\N	district	78	\N
180	subcounty	382	Bulambuli	2014	\N	district	92	\N
181	subcounty	408	Kashari	2014	\N	district	61	\N
182	subcounty	345	Luuka	2014	\N	district	71	\N
183	subcounty	366	Ibanda	2014	\N	district	2	\N
184	subcounty	330	Kazo	2014	\N	district	4	\N
185	subcounty	428	Mukono municipality	2014	\N	district	79	\N
186	subcounty	356	Bushenyi  municipality	2014	\N	district	103	\N
187	subcounty	379	Kabale municipality	2014	\N	district	56	\N
188	subcounty	312	Nyabushozi	2014	\N	district	4	\N
189	subcounty	383	Kaberamaido	2014	\N	district	35	\N
190	subcounty	324	Rubanda	2014	\N	district	56	\N
191	subcounty	395	Kapelebyong	2014	\N	district	36	\N
192	subcounty	294	Buzaaya	2014	\N	district	77	\N
193	subcounty	458	Bujumbura	2014	\N	district	63	\N
194	subcounty	346	Bamunanika	2014	\N	district	21	\N
195	subcounty	443	Ruhaama	2014	\N	district	62	\N
196	subcounty	297	Toroma	2014	\N	district	32	\N
197	subcounty	427	Mukono	2014	\N	district	79	\N
198	subcounty	376	Burahya	2014	\N	district	57	\N
199	subcounty	435	Bokora	2014	\N	district	94	\N
200	subcounty	451	Bunyaruguru	2014	\N	district	101	\N
201	subcounty	372	Bukanga	2014	\N	district	3	\N
202	subcounty	375	Kagoma	2014	\N	district	31	\N
203	subcounty	306	Kitagwenda	2014	\N	district	64	\N
204	subcounty	321	Bufumbira	2014	\N	district	60	\N
205	subcounty	425	Buwekula	2014	\N	district	22	\N
206	subcounty	344	Erute	2014	\N	district	6	\N
207	subcounty	386	West budama (kisolo)	2014	\N	district	34	\N
208	subcounty	416	Nakaseke	2014	\N	district	30	\N
209	subcounty	436	Ntoroko	2014	\N	district	106	\N
210	subcounty	447	Butebo	2014	\N	district	76	\N
211	subcounty	389	Bukedea	2014	\N	district	38	\N
212	subcounty	445	Nwoya	2014	\N	district	8	\N
213	subcounty	403	Pokot	2014	\N	district	110	\N
214	subcounty	339	Buikwe	2014	\N	district	80	\N
215	subcounty	437	Kajara	2014	\N	district	62	\N
216	subcounty	301	Usuk	2014	\N	district	32	\N
217	subcounty	415	Rwampara	2014	\N	district	61	\N
218	subcounty	374	Butembe	2014	\N	district	31	\N
219	subcounty	370	Kigulu	2014	\N	district	72	\N
220	subcounty	387	Bukooli	2014	\N	district	81	\N
221	subcounty	414	Mbarara municipality	2014	\N	district	61	\N
222	subcounty	318	Bugangaizi	2014	\N	district	59	\N
223	subcounty	417	Busujju	2014	\N	district	29	\N
224	subcounty	338	Kabula	2014	\N	district	28	\N
225	subcounty	348	Maracha	2014	\N	district	105	\N
226	subcounty	422	Bukooli	2014	\N	district	82	\N
227	subcounty	388	Manyija	2014	\N	district	37	\N
228	subcounty	385	Bujjumba	2014	\N	district	1	\N
229	subcounty	433	Jonam	2014	\N	district	95	\N
230	subcounty	357	Igara	2014	\N	district	103	\N
231	subcounty	361	Gulu municipality	2014	\N	district	45	\N
232	subcounty	397	Kilak	2014	\N	district	9	\N
233	subcounty	390	Buliisa	2014	\N	district	66	\N
234	subcounty	450	Kakuuto	2014	\N	district	24	\N
235	subcounty	299	Bunya	2014	\N	district	73	\N
236	subcounty	313	Bukonjo	2014	\N	district	58	\N
237	subcounty	296	Busongora	2014	\N	district	58	\N
238	subcounty	429	Nakifuma	2014	\N	district	79	\N
239	subcounty	452	Rubabo	2014	\N	district	63	\N
240	subcounty	431	Kadam	2014	\N	district	111	\N
241	subcounty	332	Buhweju	2014	\N	district	100	\N
242	subcounty	448	Kooki	2014	\N	district	24	\N
243	subcounty	424	West moyo	2014	\N	district	47	\N
244	subcounty	419	Busiki	2014	\N	district	43	\N
245	subcounty	405	Kwania	2014	\N	district	12	\N
246	subcounty	446	Aruu	2014	\N	district	11	\N
247	subcounty	371	Rukiga	2014	\N	district	56	\N
248	subcounty	343	Lamwo	2014	\N	district	15	\N
249	subcounty	341	Kyaka	2014	\N	district	70	\N
250	subcounty	329	Kiboga	2014	\N	district	109	\N
251	subcounty	325	Kiboga	2014	\N	district	108	\N
252	subcounty	396	Amuria	2014	\N	district	36	\N
253	subcounty	434	Padyere	2014	\N	district	95	\N
254	subcounty	455	Serere	2014	\N	district	87	\N
255	subcounty	449	Kyotera	2014	\N	district	24	\N
256	subcounty	342	Bukomansimbi	2014	\N	district	16	\N
257	subcounty	322	Jinja municipality	2014	\N	district	31	\N
258	subcounty	333	Chua	2014	\N	district	14	\N
259	subcounty	462	Kasilo	2014	\N	district	87	\N
260	subcounty	373	Ndorwa	2014	\N	district	56	\N
261	subcounty	469	Aringa	2014	\N	district	48	\N
262	subcounty	302	Bukoto	2014	\N	district	18	\N
263	subcounty	354	Samia-bugwe	2014	\N	district	83	\N
264	subcounty	391	Labwor	2014	\N	district	49	\N
265	subcounty	340	Kween	2014	\N	district	91	\N
266	subcounty	407	Vurra	2014	\N	district	104	\N
267	subcounty	350	Gomba	2014	\N	district	19	\N
268	subcounty	404	Bungokho	2014	\N	district	33	\N
269	subcounty	369	Isingiro	2014	\N	district	3	\N
270	subcounty	381	Kyamuswa	2014	\N	district	1	\N
271	subcounty	402	Madi-okollo	2014	\N	district	104	\N
272	subcounty	303	Masindi municipality	2014	\N	district	97	\N
273	subcounty	439	Oyam	2014	\N	district	54	\N
274	subcounty	394	Kioga	2014	\N	district	50	\N
275	subcounty	465	Tororo	2014	\N	district	34	\N
276	subcounty	461	Lwemiyaga	2014	\N	district	25	\N
277	subcounty	377	Dodoth	2014	\N	district	52	\N
278	subcounty	368	Iganga municipality	2014	\N	district	72	\N
279	subcounty	365	Hoima municipality	2014	\N	district	55	\N
280	subcounty	411	Mityana	2014	\N	district	29	\N
281	subcounty	399	Maruzi	2014	\N	district	12	\N
282	subcounty	317	Kibanda	2014	\N	district	98	\N
283	subcounty	464	Soroti	2014	\N	district	88	\N
284	subcounty	304	Kalungu	2014	\N	district	85	\N
285	subcounty	351	Aswa	2014	\N	district	45	\N
286	subcounty	420	Matheniko	2014	\N	district	93	\N
287	subcounty	300	Kole	2014	\N	district	13	\N
288	subcounty	290	Bugabula	2014	\N	district	77	\N
289	subcounty	412	Mawokota	2014	\N	district	68	\N
290	subcounty	398	Moroto	2014	\N	district	7	\N
291	subcounty	334	Jie	2014	\N	district	46	\N
292	subcounty	441	Pallisa	2014	\N	district	76	\N
293	subcounty	293	Buruuli	2014	\N	district	97	\N
294	subcounty	305	Kibale	2014	\N	district	64	\N
295	subcounty	460	Mawogola	2014	\N	district	25	\N
296	subcounty	347	Bukoto	2014	\N	district	17	\N
297	subcounty	438	Otuke	2014	\N	district	5	\N
\.


--
-- Name: wazimap_geography_id_seq; Type: SEQUENCE SET; Schema: public; Owner: wazimap
--

SELECT pg_catalog.setval('wazimap_geography_id_seq', 297, true);


--
-- Name: auth_group_name_key; Type: CONSTRAINT; Schema: public; Owner: wazimap; Tablespace: 
--

ALTER TABLE ONLY auth_group
    ADD CONSTRAINT auth_group_name_key UNIQUE (name);


--
-- Name: auth_group_permissions_group_id_0cd325b0_uniq; Type: CONSTRAINT; Schema: public; Owner: wazimap; Tablespace: 
--

ALTER TABLE ONLY auth_group_permissions
    ADD CONSTRAINT auth_group_permissions_group_id_0cd325b0_uniq UNIQUE (group_id, permission_id);


--
-- Name: auth_group_permissions_pkey; Type: CONSTRAINT; Schema: public; Owner: wazimap; Tablespace: 
--

ALTER TABLE ONLY auth_group_permissions
    ADD CONSTRAINT auth_group_permissions_pkey PRIMARY KEY (id);


--
-- Name: auth_group_pkey; Type: CONSTRAINT; Schema: public; Owner: wazimap; Tablespace: 
--

ALTER TABLE ONLY auth_group
    ADD CONSTRAINT auth_group_pkey PRIMARY KEY (id);


--
-- Name: auth_permission_content_type_id_01ab375a_uniq; Type: CONSTRAINT; Schema: public; Owner: wazimap; Tablespace: 
--

ALTER TABLE ONLY auth_permission
    ADD CONSTRAINT auth_permission_content_type_id_01ab375a_uniq UNIQUE (content_type_id, codename);


--
-- Name: auth_permission_pkey; Type: CONSTRAINT; Schema: public; Owner: wazimap; Tablespace: 
--

ALTER TABLE ONLY auth_permission
    ADD CONSTRAINT auth_permission_pkey PRIMARY KEY (id);


--
-- Name: auth_user_groups_pkey; Type: CONSTRAINT; Schema: public; Owner: wazimap; Tablespace: 
--

ALTER TABLE ONLY auth_user_groups
    ADD CONSTRAINT auth_user_groups_pkey PRIMARY KEY (id);


--
-- Name: auth_user_groups_user_id_94350c0c_uniq; Type: CONSTRAINT; Schema: public; Owner: wazimap; Tablespace: 
--

ALTER TABLE ONLY auth_user_groups
    ADD CONSTRAINT auth_user_groups_user_id_94350c0c_uniq UNIQUE (user_id, group_id);


--
-- Name: auth_user_pkey; Type: CONSTRAINT; Schema: public; Owner: wazimap; Tablespace: 
--

ALTER TABLE ONLY auth_user
    ADD CONSTRAINT auth_user_pkey PRIMARY KEY (id);


--
-- Name: auth_user_user_permissions_pkey; Type: CONSTRAINT; Schema: public; Owner: wazimap; Tablespace: 
--

ALTER TABLE ONLY auth_user_user_permissions
    ADD CONSTRAINT auth_user_user_permissions_pkey PRIMARY KEY (id);


--
-- Name: auth_user_user_permissions_user_id_14a6b632_uniq; Type: CONSTRAINT; Schema: public; Owner: wazimap; Tablespace: 
--

ALTER TABLE ONLY auth_user_user_permissions
    ADD CONSTRAINT auth_user_user_permissions_user_id_14a6b632_uniq UNIQUE (user_id, permission_id);


--
-- Name: auth_user_username_key; Type: CONSTRAINT; Schema: public; Owner: wazimap; Tablespace: 
--

ALTER TABLE ONLY auth_user
    ADD CONSTRAINT auth_user_username_key UNIQUE (username);


--
-- Name: django_admin_log_pkey; Type: CONSTRAINT; Schema: public; Owner: wazimap; Tablespace: 
--

ALTER TABLE ONLY django_admin_log
    ADD CONSTRAINT django_admin_log_pkey PRIMARY KEY (id);


--
-- Name: django_content_type_app_label_76bd3d3b_uniq; Type: CONSTRAINT; Schema: public; Owner: wazimap; Tablespace: 
--

ALTER TABLE ONLY django_content_type
    ADD CONSTRAINT django_content_type_app_label_76bd3d3b_uniq UNIQUE (app_label, model);


--
-- Name: django_content_type_pkey; Type: CONSTRAINT; Schema: public; Owner: wazimap; Tablespace: 
--

ALTER TABLE ONLY django_content_type
    ADD CONSTRAINT django_content_type_pkey PRIMARY KEY (id);


--
-- Name: django_migrations_pkey; Type: CONSTRAINT; Schema: public; Owner: wazimap; Tablespace: 
--

ALTER TABLE ONLY django_migrations
    ADD CONSTRAINT django_migrations_pkey PRIMARY KEY (id);


--
-- Name: django_session_pkey; Type: CONSTRAINT; Schema: public; Owner: wazimap; Tablespace: 
--

ALTER TABLE ONLY django_session
    ADD CONSTRAINT django_session_pkey PRIMARY KEY (session_key);


--
-- Name: django_site_domain_a2e37b91_uniq; Type: CONSTRAINT; Schema: public; Owner: wazimap; Tablespace: 
--

ALTER TABLE ONLY django_site
    ADD CONSTRAINT django_site_domain_a2e37b91_uniq UNIQUE (domain);


--
-- Name: django_site_pkey; Type: CONSTRAINT; Schema: public; Owner: wazimap; Tablespace: 
--

ALTER TABLE ONLY django_site
    ADD CONSTRAINT django_site_pkey PRIMARY KEY (id);


--
-- Name: household_pkey; Type: CONSTRAINT; Schema: public; Owner: wazimap; Tablespace: 
--

ALTER TABLE ONLY household
    ADD CONSTRAINT household_pkey PRIMARY KEY (geo_level, geo_code, household);


--
-- Name: householddistributionbyenergysource_pkey; Type: CONSTRAINT; Schema: public; Owner: postgres; Tablespace: 
--

ALTER TABLE ONLY householddistributionbyenergysource
    ADD CONSTRAINT householddistributionbyenergysource_pkey PRIMARY KEY (geo_level, geo_code, "household distribution by energy source");


--
-- Name: householddistributionbylightsource_pkey; Type: CONSTRAINT; Schema: public; Owner: postgres; Tablespace: 
--

ALTER TABLE ONLY householddistributionbylightsource
    ADD CONSTRAINT householddistributionbylightsource_pkey PRIMARY KEY (geo_level, geo_code, "household distribution by light source");


--
-- Name: ruralorurban_pkey; Type: CONSTRAINT; Schema: public; Owner: wazimap; Tablespace: 
--

ALTER TABLE ONLY ruralorurban
    ADD CONSTRAINT ruralorurban_pkey PRIMARY KEY (geo_level, geo_code, "rural or urban");


--
-- Name: sex_pkey; Type: CONSTRAINT; Schema: public; Owner: wazimap; Tablespace: 
--

ALTER TABLE ONLY sex
    ADD CONSTRAINT sex_pkey PRIMARY KEY (geo_level, geo_code, sex);


--
-- Name: wazimap_geography_geo_level_9a5128d2_uniq; Type: CONSTRAINT; Schema: public; Owner: wazimap; Tablespace: 
--

ALTER TABLE ONLY wazimap_geography
    ADD CONSTRAINT wazimap_geography_geo_level_9a5128d2_uniq UNIQUE (geo_level, geo_code);


--
-- Name: wazimap_geography_pkey; Type: CONSTRAINT; Schema: public; Owner: wazimap; Tablespace: 
--

ALTER TABLE ONLY wazimap_geography
    ADD CONSTRAINT wazimap_geography_pkey PRIMARY KEY (id);


--
-- Name: auth_group_name_a6ea08ec_like; Type: INDEX; Schema: public; Owner: wazimap; Tablespace: 
--

CREATE INDEX auth_group_name_a6ea08ec_like ON auth_group USING btree (name varchar_pattern_ops);


--
-- Name: auth_group_permissions_0e939a4f; Type: INDEX; Schema: public; Owner: wazimap; Tablespace: 
--

CREATE INDEX auth_group_permissions_0e939a4f ON auth_group_permissions USING btree (group_id);


--
-- Name: auth_group_permissions_8373b171; Type: INDEX; Schema: public; Owner: wazimap; Tablespace: 
--

CREATE INDEX auth_group_permissions_8373b171 ON auth_group_permissions USING btree (permission_id);


--
-- Name: auth_permission_417f1b1c; Type: INDEX; Schema: public; Owner: wazimap; Tablespace: 
--

CREATE INDEX auth_permission_417f1b1c ON auth_permission USING btree (content_type_id);


--
-- Name: auth_user_groups_0e939a4f; Type: INDEX; Schema: public; Owner: wazimap; Tablespace: 
--

CREATE INDEX auth_user_groups_0e939a4f ON auth_user_groups USING btree (group_id);


--
-- Name: auth_user_groups_e8701ad4; Type: INDEX; Schema: public; Owner: wazimap; Tablespace: 
--

CREATE INDEX auth_user_groups_e8701ad4 ON auth_user_groups USING btree (user_id);


--
-- Name: auth_user_user_permissions_8373b171; Type: INDEX; Schema: public; Owner: wazimap; Tablespace: 
--

CREATE INDEX auth_user_user_permissions_8373b171 ON auth_user_user_permissions USING btree (permission_id);


--
-- Name: auth_user_user_permissions_e8701ad4; Type: INDEX; Schema: public; Owner: wazimap; Tablespace: 
--

CREATE INDEX auth_user_user_permissions_e8701ad4 ON auth_user_user_permissions USING btree (user_id);


--
-- Name: auth_user_username_6821ab7c_like; Type: INDEX; Schema: public; Owner: wazimap; Tablespace: 
--

CREATE INDEX auth_user_username_6821ab7c_like ON auth_user USING btree (username varchar_pattern_ops);


--
-- Name: django_admin_log_417f1b1c; Type: INDEX; Schema: public; Owner: wazimap; Tablespace: 
--

CREATE INDEX django_admin_log_417f1b1c ON django_admin_log USING btree (content_type_id);


--
-- Name: django_admin_log_e8701ad4; Type: INDEX; Schema: public; Owner: wazimap; Tablespace: 
--

CREATE INDEX django_admin_log_e8701ad4 ON django_admin_log USING btree (user_id);


--
-- Name: django_session_de54fa62; Type: INDEX; Schema: public; Owner: wazimap; Tablespace: 
--

CREATE INDEX django_session_de54fa62 ON django_session USING btree (expire_date);


--
-- Name: django_session_session_key_c0390e0f_like; Type: INDEX; Schema: public; Owner: wazimap; Tablespace: 
--

CREATE INDEX django_session_session_key_c0390e0f_like ON django_session USING btree (session_key varchar_pattern_ops);


--
-- Name: django_site_domain_a2e37b91_like; Type: INDEX; Schema: public; Owner: wazimap; Tablespace: 
--

CREATE INDEX django_site_domain_a2e37b91_like ON django_site USING btree (domain varchar_pattern_ops);


--
-- Name: wazimap_geography_2fc6351a; Type: INDEX; Schema: public; Owner: wazimap; Tablespace: 
--

CREATE INDEX wazimap_geography_2fc6351a ON wazimap_geography USING btree (long_name);


--
-- Name: wazimap_geography_84cdc76c; Type: INDEX; Schema: public; Owner: wazimap; Tablespace: 
--

CREATE INDEX wazimap_geography_84cdc76c ON wazimap_geography USING btree (year);


--
-- Name: wazimap_geography_b068931c; Type: INDEX; Schema: public; Owner: wazimap; Tablespace: 
--

CREATE INDEX wazimap_geography_b068931c ON wazimap_geography USING btree (name);


--
-- Name: wazimap_geography_name_36b79089_like; Type: INDEX; Schema: public; Owner: wazimap; Tablespace: 
--

CREATE INDEX wazimap_geography_name_36b79089_like ON wazimap_geography USING btree (name varchar_pattern_ops);


--
-- Name: auth_group_permiss_permission_id_84c5c92e_fk_auth_permission_id; Type: FK CONSTRAINT; Schema: public; Owner: wazimap
--

ALTER TABLE ONLY auth_group_permissions
    ADD CONSTRAINT auth_group_permiss_permission_id_84c5c92e_fk_auth_permission_id FOREIGN KEY (permission_id) REFERENCES auth_permission(id) DEFERRABLE INITIALLY DEFERRED;


--
-- Name: auth_group_permissions_group_id_b120cbf9_fk_auth_group_id; Type: FK CONSTRAINT; Schema: public; Owner: wazimap
--

ALTER TABLE ONLY auth_group_permissions
    ADD CONSTRAINT auth_group_permissions_group_id_b120cbf9_fk_auth_group_id FOREIGN KEY (group_id) REFERENCES auth_group(id) DEFERRABLE INITIALLY DEFERRED;


--
-- Name: auth_permiss_content_type_id_2f476e4b_fk_django_content_type_id; Type: FK CONSTRAINT; Schema: public; Owner: wazimap
--

ALTER TABLE ONLY auth_permission
    ADD CONSTRAINT auth_permiss_content_type_id_2f476e4b_fk_django_content_type_id FOREIGN KEY (content_type_id) REFERENCES django_content_type(id) DEFERRABLE INITIALLY DEFERRED;


--
-- Name: auth_user_groups_group_id_97559544_fk_auth_group_id; Type: FK CONSTRAINT; Schema: public; Owner: wazimap
--

ALTER TABLE ONLY auth_user_groups
    ADD CONSTRAINT auth_user_groups_group_id_97559544_fk_auth_group_id FOREIGN KEY (group_id) REFERENCES auth_group(id) DEFERRABLE INITIALLY DEFERRED;


--
-- Name: auth_user_groups_user_id_6a12ed8b_fk_auth_user_id; Type: FK CONSTRAINT; Schema: public; Owner: wazimap
--

ALTER TABLE ONLY auth_user_groups
    ADD CONSTRAINT auth_user_groups_user_id_6a12ed8b_fk_auth_user_id FOREIGN KEY (user_id) REFERENCES auth_user(id) DEFERRABLE INITIALLY DEFERRED;


--
-- Name: auth_user_user_per_permission_id_1fbb5f2c_fk_auth_permission_id; Type: FK CONSTRAINT; Schema: public; Owner: wazimap
--

ALTER TABLE ONLY auth_user_user_permissions
    ADD CONSTRAINT auth_user_user_per_permission_id_1fbb5f2c_fk_auth_permission_id FOREIGN KEY (permission_id) REFERENCES auth_permission(id) DEFERRABLE INITIALLY DEFERRED;


--
-- Name: auth_user_user_permissions_user_id_a95ead1b_fk_auth_user_id; Type: FK CONSTRAINT; Schema: public; Owner: wazimap
--

ALTER TABLE ONLY auth_user_user_permissions
    ADD CONSTRAINT auth_user_user_permissions_user_id_a95ead1b_fk_auth_user_id FOREIGN KEY (user_id) REFERENCES auth_user(id) DEFERRABLE INITIALLY DEFERRED;


--
-- Name: django_admin_content_type_id_c4bce8eb_fk_django_content_type_id; Type: FK CONSTRAINT; Schema: public; Owner: wazimap
--

ALTER TABLE ONLY django_admin_log
    ADD CONSTRAINT django_admin_content_type_id_c4bce8eb_fk_django_content_type_id FOREIGN KEY (content_type_id) REFERENCES django_content_type(id) DEFERRABLE INITIALLY DEFERRED;


--
-- Name: django_admin_log_user_id_c564eba6_fk_auth_user_id; Type: FK CONSTRAINT; Schema: public; Owner: wazimap
--

ALTER TABLE ONLY django_admin_log
    ADD CONSTRAINT django_admin_log_user_id_c564eba6_fk_auth_user_id FOREIGN KEY (user_id) REFERENCES auth_user(id) DEFERRABLE INITIALLY DEFERRED;


--
-- Name: public; Type: ACL; Schema: -; Owner: postgres
--

REVOKE ALL ON SCHEMA public FROM PUBLIC;
REVOKE ALL ON SCHEMA public FROM postgres;
GRANT ALL ON SCHEMA public TO postgres;
GRANT ALL ON SCHEMA public TO PUBLIC;


--
-- PostgreSQL database dump complete
--

